provider-name,street,city,state,country,number,website link,in this location
UCSF-Dept of Dermatology , 1001 POTRERO AVE BLDG 90, SAN FRANCISCO,California, United States     ,(628) 206-8680,http://dermpath.ucsf.edu/,Vbeam ®  Perfecta
Richard G. Glogau M.D. INC. , 350 PARNASSUS AVE STE 400, SAN FRANCISCO,California, United States     ,(415) 564-1261,http://www.sfderm.com/,Vbeam ®  Perfecta
Kaiser Permanente Union City - Cosmetic Dept , 1600 OWENS ST FL 9, SAN FRANCISCO,California, United States     ,7032374014,https://kp.org,"Vbeam ®  Perfecta, Gentle Pro ™  Series"
"Bay Area Cosmetic Dermatology - Kathleen Welsh, MD ", 2299 POST ST STE 312, SAN FRANCISCO,California, United States     ,(415) 292-6350,https://www.weloveskin.com,"PicoWay ® , Vbeam ®  Perfecta, Gentle Pro ™  Series"
UCSF Medical Center , 1701 DIVISADERO ST Room 317, SAN FRANCISCO,California, United States     ,(415) 353–7878,https://www.ucsfhealth.org/clinics/dermatologic_surgery_and_laser_center/,"Vbeam ®  Perfecta, Gentle Pro ™  Series"
Kaiser Health Plan Asset Management - Walnut Creek ," 1600 Owens Street, 9th FloorCosmetic Dermatology Dept.", San Francisco,California, United States     ,,,
"USHA RAJAGOPAL, MD INC. ", 1244 LARKIN ST STE 200, SAN FRANCISCO,CALIFORNIA, United States     ,(415) 392-3333,https://www.sfcosmeticsurgery.com,Vbeam ®  Perfecta
Dermatology Medical Group of San Francisco , 490 POST ST STE 700, SAN FRANCISCO,California, United States     ,(415) 362-2238,http://dermsf.com,"Vbeam ®  Perfecta, Gentle Pro ™  Series"
City Skin and Laser Clinic , 111 MAIDEN LN STE 720, San Francisco,California, United States     ,(415) 362-5555,http://www.citylaserclinic.com/,"Vbeam ®  Perfecta, Gentle Pro ™  Series"
"Dr. Caren Campbell, Inc ", 450 SUTTER ST RM 2340, SAN FRANCISCO,California, United States     ,(404) 276-1580,,
"Union Square Dermatology, APC ", 450 SUTTER ST RM 830, SAN FRANCISCO,California, United States     ,(415) 393-9550,https://unionsquarederm.com,Vbeam ®  Perfecta
"BURNS, MICHAEL M.D. ", 450 SUTTER ST RM 1412, SAN FRANCISCO,California, United States     ,(415) 362-4565,,
Skin Medical Spa , 1825 UNION ST, SAN FRANCISCO,California, United States     ,(415) 409-6500,https://www.skinmedicalspa.com,"Vbeam ®  Perfecta, Gentle Pro ™  Series"
"Michael G. Cedars, MD, Inc. ", 3300 WEBSTER ST STE 1106, OAKLAND,California, United States     ,(510) 763-2662,http://drrodan.com/,"Vbeam ®  Perfecta, Gentle Pro ™  Series"
Laub Dermatology & Aesthetics , 591 REDWOOD HWY FRONTAGE RD STE 2210, MILL VALLEY,California, United States     ,(415) 381-6661,https://www.LaubDermatology.com,"Vbeam ®  Prima, Vbeam ®  Perfecta, Gentle Pro ™  Series"
Allura Skin and Laser Center , 280 BALDWIN AVE, San Mateo,California, United States     ,(650) 344-1121,https://www.alluraskin.com,"CO2RE ® , Vbeam ®  Perfecta, Gentle Pro ™  Series"
Joint Base Elmendorf-Richardson ," FM5000 673 MDSS SGSM5955 Zeamer Ave", Anchorage,Alaska, United States     ,(907) 580-2538,,
Uconn Dermatology Associates , 21 SOUTH RD STE 200, FARMINGTON,Connecticut, United States     ,(860) 679-4600,https://uchc.edu,Vbeam ®  Perfecta
FACIAL PLASTIC SURGERY CENTER OF NEW ENGLAND , 35 NOD RD STE 204, AVON,Connecticut, United States     ,(860) 404-6133,https://www.stanislawmd.com,Vbeam ®  Perfecta
ARKANSAS CHILDREN'S HOSPITAL , 1 CHILDRENS WAY # 201, LITTLE ROCK,Arkansas, United States     ,(501) 364-2656,https://archildrens.org,"Gentle Pro ™  Series, Vbeam ®  Perfecta"
Advanced Aesthetics of Arkansas , 9500 KANIS RD STE 502, LITTLE ROCK,Arkansas, United States     ,(501) 537-0130,https://www.arkansasplasticsurgery.com,"VelaShape ® , Gentle Pro ™  Series, Vbeam ®  Perfecta"
Dr. Suzanne W. Yee , 12600 CANTRELL RD STE 100, LITTLE ROCK,Arkansas, United States     ,(501) 224-1044,http://www.drsuzanneyee.com/,"PicoWay ® , Vbeam ®  Perfecta"
LEXINGTON PLASTIC SURGEONS ," 175 SW 7TH STREETSUITE 1710", MIAMI,Florida, United States     ,(305) 704-7047,,
Skin and Cancer Associates Baumann Cosmetic and Research institute , 4500 BISCAYNE BLVD STE 101, MIAMI,Florida, United States     ,(305) 532-5552,https://www.derm.net,"Gentle Pro ™  Series, VelaShape ® , CO2RE ® , Vbeam ®  Perfecta"
DermCare Management LLC , 221 ARAGON AVE FL 1, CORAL GABLES,FLORIDA, United States     ,(954) 456-5050,https://aventuradermatology.com/,Vbeam ®  Perfecta
DermCare Management LLC , 4308 ALTON RD STE 750, MIAMI BEACH,FLORIDA, United States     ,(954) 456-5050,https://aventuradermatology.com/,Vbeam ®  Perfecta
Azala Skin Clinic , 3444 MAIN HWY, MIAMI,FLORIDA, United States     ,(786) 558-0566,,
"Bay Pointe Dermatology & Cosmetic Center, P.A. ", 3850 BIRD RD STE 104, MIAMI,Florida, United States     ,(305) 669-8337,https://drjanicelimamaribona.com,"Gentle Pro ™  Series, Exceed ™ , Vbeam ®  Perfecta, Matrix ™"
Skin Associates of South Florida , 4425 PONCE DE LEON BLVD STE 200, CORAL GABLES,Florida, United States     ,(305) 443-6606,https://www.skinassociatesfl.com,Vbeam ®  Perfecta
Dr. Mariela Cogorno , 6705 RED RD, Coral Gables,Florida, United States     ,(786) 327-3335,https://cogornomd.com,"Nordlys ™ , Gentle Pro ™  Series, PicoWay ® , Vbeam ®  Perfecta"
Mayoral Dermatology , 6705 RED ROAD, Coral Gables,Florida, United States     ,(305) 665-6166,https://www.MayoralDerm.com,Vbeam ®  Perfecta
Nicklaus Children's Hospital , 3100 SW 62ND AVE, Miami,Florida, United States     ,(305) 669-7112,https://www.MCH.com,"Gentle Pro ™  Series, Vbeam ®  Perfecta"
"Sunset Dermatology Skin, Laser and Vein Center ", 6310 SUNSET DR, MIAMI,Florida, United States     ,(305) 669-2799,https://www.sunsetdermatology.com,"Vbeam ®  Perfecta, Gentle Pro ™  Series, Profound ™ , PicoWay ® , CO2RE ®"
"South Miami Dermatology, P.A. ", 6351 SUNSET DR STE 200, MIAMI,Florida, United States     ,(305) 667-5480,https://www.southmiamidermatology.com,"Gentle Pro ™  Series, Vbeam ®  Perfecta"
"Diane Walder MD, PA ", 1111 KANE CONCOURSE, BAY HARBOR ISLANDS,Florida, United States     ,(305) 866-2177,https://dianewaldermd.com,"Vbeam ®  Perfecta, Nordlys ™ , Profound ™ , PicoWay ® , Matrix ™ , VelaShape ® , CO2RE ®"
Ciocca Dermatology , 7800 SW 87TH AVE STE A-100, MIAMI,Florida, United States     ,(305) 273-7998,https://www.cioccadermatology.com/,"Gentle Pro ™  Series, CO2RE ® , Vbeam ®  Perfecta"
Judith Crowell MD & Associates , 7800 SW 87TH AVE STE C-300, MIAMI,Florida, United States     ,(305) 274-0221,http://www.miamicosmeticderm.com,Vbeam ®  Perfecta
Miami Dermatology & Laser Research , 7800 SW 87TH AVE STE B200, MIAMI,Florida, United States     ,(305) 279-6060,http://www.miamidermlaser.com/,"Nordlys ™ , Gentle Pro ™  Series, Vbeam ®  Perfecta, Vbeam ®  Prima"
PHOENIX CHILDREN'S HOSPITAL , 2700 N 18TH PL, PHOENIX,Arizona, United States     ,(602) 546-1000,,
The Skin Bar LLC , 2601 N 3RD ST STE 302, PHOENIX,Arizona, United States     ,(786) 296-9937,,
"SMIDT, RIDGE ", 1626 South Edward Drive, Tempe,Arizona, United States     ,,,
Paradise Valley Dermatology , 12251 N 32ND ST STE 12, PHOENIX,Arizona, United States     ,(602) 971-0950,https://www.pvdermatology.net,"Gentle Pro ™  Series, Vbeam ®  Perfecta, PicoWay ®"
Banner Health , 1400 S DOBSON RD, MESA,Arizona, United States     ,,,
Center for Aesthetic & Laser Medicine , 10900 N SCOTTSDALE RD STE 201, SCOTTSDALE,ARIZONA, United States     ,(602) 445-5569,https://usdermpartners.com,Vbeam ®  Perfecta
Dermatology & Skin Surgery Specialists of Arizona , 8415 N PIMA RD STE 212, SCOTTSDALE,Arizona, United States     ,(480) 434-6600,http://www.skinspecialistsofaz.com/,Vbeam ®  Perfecta
"Dr. Garron R Hale, M.D. - Scottsdale North Obstetrics, Gynecology & Wellness Center ", 9070 E DESERT COVE STE A-103, SCOTTSDALE,Arizona, United States     ,(480) 946-4774,http://croptool.com/garronrhalemd/,Vbeam ®  Perfecta
Spectrum Dermatology , 9500 E IRONWOOD SQUARE DR STE 110, SCOTTSDALE,Arizona, United States     ,(480) 948-8400,https://www.spectrumdermatology.com,Vbeam ®  Perfecta
North Valley Dermatology , 14155 N 83RD AVE STE 110, PEORIA,Arizona, United States     ,(623) 215-0911,https://Northvalleydermatology.com,Vbeam ®  Perfecta
Platinum Dermatology Partners , 14275 N 87TH ST STE 110, SCOTTSDALE,ARIZONA, United States     ,,,
KAISER PERMANENTE , 1375 E 20TH AVE, Denver,Colorado, United States     ,(720) 536-7773,https://kp.org,Vbeam ®  Perfecta
MULDROW DERMATOLOGY , 1601 East 19th Aveue Suite 4450, Denver,Colorado, United States     ,(303) 830-2900,,
Denver Dermatology Consultants , 2970 QUEBEC ST STE 200, DENVER,Colorado, United States     ,(303) 426-4525,http://denverderm.com/,Vbeam ®  Perfecta
Advanced Dermatology & Cosmetic Surgery - Denver E Havard Ave , 950 E HARVARD AVE STE 440, DENVER,Colorado, United States     ,(303) 744-2704,,
"Cara Mia Medical Spa, P.C. ", 13701 E MISSISSIPPI AVE STE 320, AURORA,Colorado, United States     ,(303) 350-4500,https://www.caramiadayspa.com,Vbeam ®  Perfecta
CHCO Dermatology Clinic Anschutz , 13123 E 16TH AVE, AURORA,Colorado, United States     ,(720) 777-1234,https://childrenscolorado.org,"Vbeam ®  Perfecta, Vbeam ®  Prima"
About Skin Dermatology and DermSurgery PC , 5340 S QUEBEC ST STE 300S, GREENWOOD VILLAGE,Colorado, United States     ,(303) 756-7546,http://www.aboutskinderm.com/,"Vbeam ®  Perfecta, CO2RE ®"
"Smooth Skin Centers, Inc ", 7777 E HAMPDEN AVE STE 130, DENVER,Colorado, United States     ,(303) 750-3100,https://smoothskincenters.net,Vbeam ®  Perfecta
KAISER PERMANENTE , 5555 E ARAPAHOE RD, CENTENNIAL,Colorado, United States     ,(720) 536-7773,https://kp.org,"Gentle Pro ™  Series, Vbeam ®  Perfecta"
Dermatology Specialists , 905 W 124TH AVE STE 170, Westminster,Colorado, United States     ,(303) 442-6647,https://dsderm.com/,Vbeam ®  Perfecta
"B & T MEDICAL SERVICES, INC. ", 1721 E 19TH AVE STE 338, DENVER,Colorado, United States     ,,,
Colorado Skin and Vein , 195 INVERNESS DR W STE 110, ENGLEWOOD,Colorado, United States     ,(303) 683-3235,https://www.coloradoskinandvein.com/,"Vbeam ®  Perfecta, Vbeam ®  Prima, Profound ™"
Lone Tree Facial Plastic & cosmetic surgery ," RICH SCHALER, M.D. 9218 Kimmer Drive Suite 201", Lone Tree,Colorado, United States     ,(303) 788-6632,http://lonetreefacial.com/contact-us/,Vbeam ®  Perfecta
ST. LUKE'S REGIONAL MED CTR , 333 N 1ST ST STE 110, BOISE,Idaho, United States     ,,,
Idaho Dermatology Mohs Collective , 3668 N HARBOR LN, BOISE,IDAHO, United States     ,(208) 340-0885,,
"NEW GENERATION LASER, LLC ", 10798 W. Overland Road, Boise,Idaho, United States     ,,,
Ada West Dermatology , 4574 N TEN MILE RD, MERIDIAN,Idaho, United States     ,(208) 884-3376,http://www.adawestdermatology.com/,Vbeam ®  Perfecta
Cosmetic & Laser Surgery Center , 1003 BISHOP ST STE 390, HONOLULU,Hawaii, United States     ,(808) 538-0123,http://drherbich.com/,"Vbeam ®  Perfecta, Gentle Pro ™  Series"
Kitagawa Dermatology - Kory Kitagawa MD , 321 N KUAKINI ST STE 610, HONOLULU,Hawaii, United States     ,(808) 533-4434,http://www.kitagawadermatology.com,"PicoWay ® , Profound ™ , Gentle Pro ™  Series, Vbeam ®  Perfecta, VelaShape ®"
Tripler Army Medical Center - Fort Shafter , 161 KRUKOWSKI RD UPPER LEVEL BUILDING 161, Honolulu,Hawaii, United States     ,(301) 346-2661,,
Tripler Army Medical Center - Fort Shafter , 1 JARRETT WHITE RD, Tripler Army Medical Center,Hawaii, United States     ,(301) 346-2661,,
Lexington Plastic Surgeons , 550 PEACHTREE ST NE STE 1575, ATLANTA,Georgia, United States     ,(212) 223-0716,https://lexingtonplasticsurgeons.com,"Gentle Pro ™  Series, Vbeam ®  Perfecta"
Dermatology Affiliates PC , 691 14TH ST NW, Atlanta,Georgia, United States     ,(404) 816-7900,http://dermatologyaffiliates.com/,"Gentle Pro ™  Series, Vbeam ®  Perfecta"
KAISER PERMANENTE GEORGIA , 1745 PTREE ST NE NE STE, ATLANTA,Georgia, United States     ,,,
KAISER PERMANENTE GEORGIA , 1745 PEACHTREE ST NE, ATLANTA,Georgia, United States     ,,,
Dermatology Associates of Georgia , 2061 PEACHTREE RD NE STE 400, ATLANTA,GEORGIA, United States     ,,,
CHILDREN'S HEALTHCARE-ATLANTA , 1405 CLIFTON RD NE, ATLANTA,Georgia, United States     ,(404) 785-4869,https://choa.org,Vbeam ®  Perfecta
CHILDREN'S HOSPITAL OF ATLANTA , 1405 CLIFTON RD NE, ATLANTA,Georgia, United States     ,,,
The Emory Clinic , 1525 CLIFTON RD NE FL 3, Atlanta,Georgia, United States     ,(404) 778-6070,http://www.emoryhealthcare.org,"Vbeam ®  Perfecta, CO2RE ®"
Peachtree Dermatology , 371 E PACES FERRY RD NE STE 900, ATLANTA,Georgia, United States     ,(404) 355-1919,http://www.peachtreedermatology.com/,Vbeam ®  Perfecta
Dermatology Affiliates PC , 3131 MAPLE DR NE STE 102, ATLANTA,Georgia, United States     ,(404) 816-7900,http://dermatologyaffiliates.com/,"Gentle Pro ™  Series, Vbeam ®  Perfecta"
CHILDREN'S HOSPITAL OF ATLANTA , 1537 NORTHEAST EXPY NE, ATLANTA,GEORGIA, United States     ,,,
Atlanta Dermatology , 1218 W PACES FERRY RD NW STE 200, ATLANTA,Georgia, United States     ,(404) 525-7409,http://www.atlantadermatology.com/,"Gentle Pro ™  Series, Vbeam ®  Perfecta"
TUXEDO AESTHETIC SURGERY CENTER , 4684 Roswell Road  Ste A, Atlanta,Georgia, United States     ,(404) 812-0211,http://www.christyhowellmedicalaesthetics.com/booking/?sid=0&guid=5c2863a4-afe4-4b22-b740-9a842a8cbf63,Vbeam ®  Perfecta
CHILDREN'S HEALTHCARE-ATLANTA , 1001 JOHNSON FERRY RD, Atlanta,Georgia, United States     ,(404) 785-4869,https://choa.org,Vbeam ®  Perfecta
"Forefront Management, LLC ", 5505 PEACHTREE DUNWOODY RD STE 410, Atlanta,Georgia, United States     ,(920) 663-2886,https://forefrontdermatology.com,Vbeam ®  Perfecta
Dermatology Associates of Atlanta , 5555 PEACHTREE DUNWOODY RD STE 190, ATLANTA,Georgia, United States     ,(404) 256-4457,http://www.dermatlanta.com/,"Gentle Pro ™  Series, Vbeam ®  Perfecta, PicoWay ® , Vbeam ®  Prima"
CHILDREN'S HEALTHCARE-ATLANTA , 5445 MERIDIAN MARK RD STE 370, Atlanta,Georgia, United States     ,(404) 785-4869,https://choa.org,Vbeam ®  Perfecta
Gardner Dermatology & Med Spa , 2550 WINDY HILL RD SE STE 200, Marietta,Georgia, United States     ,(850) 252-4404,https://www.gardnerdermatology.com,"Gentle Pro ™  Series, Vbeam ®  Perfecta"
INTERNATIONAL CENTER FOR FOOT AND ANKLE SURGERY , 2520 WINDY HILL RD SE STE 105, Marietta,Georgia, United States     ,(678) 860-7846,,
Dermatology Solutions Group , 4360 CHAMBLEE DUNWOODY RD STE 260, Atlanta,Georgia, United States     ,(850) 233-3376 x 1072,http://dermsolutionsgroup.com/,Vbeam ®  Perfecta
INTERNATIONAL CENTER FOR FOOT AND ANKLE SURGERY , 7130 MOUNT ZION BLVD STE 14, JONESBORO,Georgia, United States     ,(678) 860-7846,,
Dermatology Affiliates PC , 4939 LOWER ROSWELL RD STE 104A, Marietta,Georgia, United States     ,(404) 816-7900,http://dermatologyaffiliates.com/,"Gentle Pro ™  Series, Vbeam ®  Perfecta"
Loyola University Health System , 2160 S 1ST AVE, Maywood,Illinois, United States     ,(708) 485-1020,https://lumc.edu,Vbeam ®  Perfecta
Loyola University Health System , 321 N LA GRANGE RD, LA GRANGE PARK,Illinois, United States     ,(708) 485-1020,https://lumc.edu,"Gentle Pro ™  Series, Vbeam ®  Perfecta"
Dermatology Associates of La Grange , 5201 WILLOW SPRINGS RD STE 430, LA GRANGE HIGHLANDS,Illinois, United States     ,(708) 482-3213,http://www.dermlagrange.com/,Vbeam ®  Perfecta
Children's Hospital of Chicago , 2301 ENTERPRISE DR, WESTCHESTER,Illinois, United States     ,(708) 836-4900,https://luriechildrens.org,Vbeam ®  Perfecta
Illinois Dermatology Institute , 901 N ELM ST STE 250, Hinsdale,Illinois, United States     ,(847) 675-9711,https://www.idi-skokie.com,Vbeam ®  Perfecta
Jesse Brown VA Medical Center , 820 S DAMEN AVE, CHICAGO,ILLINOIS, United States     ,(312) 569-6973,,
Cook County Health & Hospital System , 1950 W POLK ST, Chicago,Illinois, United States     ,312-864-0477,https://cookcountyhhs.org,Vbeam ®  Perfecta
Rush University Medical Center , 711 S PAULINA ST, CHICAGO,ILLINOIS, United States     ,(312) 942-2195,https://rush.edu,Vbeam ®  Perfecta
Summit Dermatology & Aesthetic Surgery , 1210 S SUMMIT AVE, OAKBROOK TERRACE,Illinois, United States     ,(630) 282-6004,https://www.oakbrookdermatology.com,"Gentle Pro ™  Series, Vbeam ®  Perfecta"
Northwestern Medicine , 4445 W IRVING PARK RD, CHICAGO,ILLINOIS, United States     ,(312) 695-6647,https://ge.com,Vbeam ®  Perfecta
Northwestern Medicine Group , 1460 N HALSTED ST, CHICAGO,ILLINOIS, United States     ,(312) 926-3627,http://www.nmpg.com/dermatology,Vbeam ®  Perfecta
Medical Dermatology Associates of Chicago , 363 W ERIE ST STE 350, CHICAGO,Illinois, United States     ,(312) 995-1955,http://www.dermchicago.com/contact,"Nordlys ™ , Vbeam ®  Perfecta"
Children's Hospital of Chicago , 2345 N LINCOLN AVE, CHICAGO,Illinois, United States     ,(708) 836-4900,https://luriechildrens.org,Vbeam ®  Perfecta
Northwestern Medicine , 676 N SAINT CLAIR ST STE 1600, Chicago,Illinois, United States     ,(312) 695-6647,https://ge.com,"CO2RE ® , Profound ™ , Vbeam ®  Perfecta"
"CHICAGO LAKESHORE MEDICAL ASSOCIATES, LTD. ", 676 N SAINT CLAIR ST STE 2000, CHICAGO,Illinois, United States     ,(312) 926-9719,,
Physicians Laser & Dermatology Institute , 150 E HURON ST STE 1050, CHICAGO,Illinois, United States     ,(312) 280-0890,http://chicagolaserdermatology.com/,"VelaShape ® , Vbeam ®  Perfecta"
Children's Hospital of Chicago , 200 E SUPERIOR ST, CHICAGO,Illinois, United States     ,(708) 836-4900,https://luriechildrens.org,Vbeam ®  Perfecta
Northwestern Medicine , 240 E ONTARIO ST, CHICAGO,ILLINOIS, United States     ,(312) 695-6647,https://ge.com,Vbeam ®  Perfecta
Northwestern Medicine , 259 E ERIE ST STE 2020, CHICAGO,ILLINOIS, United States     ,(312) 695-6647,https://ge.com,"Gentle Pro ™  Series, Vbeam ®  Perfecta"
Northwestern Memorial Hospital , 259 E ERIE ST FL 22 STE 2250, Chicago,Illinois, United States     ,(312) 926-2000,,
Duly Aesthetics , 1801 S HIGHLAND AVE STE L40, LOMBARD,Illinois, United States     ,(630) 286-5050,https://www.dmgaesthetics.com,Vbeam ®  Perfecta
D & A Dermatology Medical and Aesthetic Skincare , 680 N LAKE SHORE DR STE 930, Chicago,Illinois, United States     ,(312) 861-3911,http://www.dnadermatology.com,Vbeam ®  Perfecta
The Skin Care Center , 3000 N HALSTED ST STE 320, CHICAGO,Illinois, United States     ,(847) 234-6121,https://www.skincarectr.com,Vbeam ®  Perfecta
Innovative Dermatology , 3000 N HALSTED ST STE 620, CHICAGO,Illinois, United States     ,(773) 871-7000,http://www.innovativedermatology.com,"CO2RE ® , Gentle Pro ™  Series, Vbeam ®  Perfecta"
DOCS Dermatology LLC , 3000 N HALSTED ST, CHICAGO,ILLINOIS, United States     ,Visit Website,,
Northwestern Medicine , 4732 N LINCOLN AVE, CHICAGO,Illinois, United States     ,(312) 695-6647,https://ge.com,Vbeam ®  Perfecta
The University of Chicago Medical Center , 5758 S MARYLAND AVE, Chicago,Illinois, United States     ,(773) 834-9057,https://uchospitals.edu,Vbeam ®  Perfecta
The University of Chicago Medical Center , 5841 S MARYLAND AVE, CHICAGO,Illinois, United States     ,(773) 834-9057,https://uchospitals.edu,Vbeam ®  Perfecta
"Agiliti Surgical, Inc ", 3010 WOODCREEK DR STE G, DOWNERS GROVE,Illinois, United States     ,(630) 663-5180,https://www.agilitihealth.com,Vbeam ®  Perfecta
Advocate Health Care , 1775 DEMPSTER ST, Park Ridge,Illinois, United States     ,(847) 723-2210,,
RENUKA H. BHATT , 10811 W 143RD ST STE 100, ORLAND PARK,Illinois, United States     ,(708) 226-0044,,
Duly Aesthetics , 199 TOWN SQ STE A, Wheaton,Illinois, United States     ,(630) 286-5050,https://www.dmgaesthetics.com,Vbeam ®  Perfecta
Illinois Dermatology Institute , 9711 SKOKIE BLVD STE J, SKOKIE,Illinois, United States     ,(847) 675-9711,https://www.idi-skokie.com,Vbeam ®  Perfecta
Dermatology and Dermatologic Surgery Center , 8131 UNIVERSITY BLVD, CLIVE,Iowa, United States     ,(515) 225-8180,http://www.doctorharlan.com/,Vbeam ®  Perfecta
University Health Dermatology Clinic , 2101 CHARLOTTE ST, KANSAS CITY,MISSOURI, United States     ,(816) 404-8160,,
"Glenn Goldstein, MD affiliated with The Dermatology and Skin Cancer Center ", 11550 GRANADA LANE, Leawood,Kansas, United States     ,(913) 451-7546,http://kcdermcenter.com,Vbeam ®  Perfecta
"Agiliti Surgical, Inc ", 10850 STRANG LINE RD, Lenexa,Kansas, United States     ,(630) 663-5180,https://www.agilitihealth.com,Vbeam ®  Perfecta
IUHP Dermatology , 550 UNIVERSITY BLVD, INDIANAPOLIS,INDIANA, United States     ,(317) 688-3780,http://dermatology.medicine.iu.edu/faculty/allison-kingsley-md/,Vbeam ®  Perfecta
Indiana University Health Gateway Plaza , 705 RILEY HOSPITAL DR, INDIANAPOLIS,Indiana, United States     ,(317) 948-1511,,
IUHP Dermatology , 702 BARNHILL DR RM 951, INDIANAPOLIS,Indiana, United States     ,(317) 688-3780,http://dermatology.medicine.iu.edu/faculty/allison-kingsley-md/,Vbeam ®  Perfecta
Eskenazi Health - Dermatology , 720 ESKENAZI AVE, INDIANAPOLIS,Indiana, United States     ,(317) 880-3737,http://www.eskenazihealth.edu/health-services/dermatology,Vbeam ®  Perfecta
ST. FRANCIS HOSPITAL , 8111 S EMERSON AVE, INDIANAPOLIS,Indiana, United States     ,,,
Indy Derm , 8936 SOUTHPOINTE DR STE B2, INDIANAPOLIS,Indiana, United States     ,(317) 502-7006,,
Richard Biggerstaff , 8040 CLEARVISTA PKWY STE 340, Indianapolis,Indiana, United States     ,(317) 621-2444,https://www.biggerstaffassociates.com,"Gentle Pro ™  Series, Profound ™ , Vbeam ®  Perfecta"
"William Hanke, MD ", 8925 N MERIDIAN ST STE 200, Indianapolis,Indiana, United States     ,(317) 660-4900,https://www.thelassi.com,Vbeam ®  Perfecta
Indianapolis Plastic Surgery Center , 9002 NORTH MERIDIAN SUITE 205, INDIANAPOLIS,Indiana, United States     ,(317) 434-1039,https://drchernoff.com,Vbeam ®  Perfecta
Ascension St. Vincent Hospital - Indianapolis , 2001 W 86TH ST, INDIANAPOLIS,Indiana, United States     ,(317) 407-9117,https://healthcare.ascension.org/Locations/Indiana/INEVA/Indianapolis-Ascension-St-Vincent-Hospital-Indianapolis,Vbeam ®  Perfecta
DERMATOLOGY INC. , 10465 E COUNTY ROAD 100 N, INDIANAPOLIS,INDIANA, United States     ,317-926-,https://dermatologyinc.com,Vbeam ®  Perfecta
IUHP Dermatology , 11590 N MERIDIAN ST, Carmel,Indiana, United States     ,(317) 688-3780,http://dermatology.medicine.iu.edu/faculty/allison-kingsley-md/,"Gentle Pro ™  Series, Vbeam ®  Perfecta"
"William Hanke, MD ", 13400 N MERIDIAN ST STE 290, Carmel,Indiana, United States     ,(317) 660-4900,https://www.thelassi.com,Vbeam ®  Perfecta
Booth Dermatology & Cosmetic Care Center , 12050 N MICHIGAN RD, zionsville,Indiana, United States     ,(317) 848-2427,http://www.boothdermatology.com/,Vbeam ®  Perfecta
"Optima Dermatology Partners, LLC ", 1100 SOUTHFIELD DR STE 1240, PLAINFIELD,Indiana, United States     ,(330) 965-8760,http://www.advancedderm.net/,Vbeam ®  Perfecta
Norton Healthcare Children's Hospital , 231 EAST CHESTNUT STREET, Louisville,Kentucky, United States     ,(502) 629-4878,https://louisville.edu,Vbeam ®  Perfecta
"Agiliti Surgical, Inc ", 3881 BUSINESS PARK DR, LOUISVILLE,KENTUCKY, United States     ,(630) 663-5180,https://www.agilitihealth.com,"CO2RE ® , Vbeam ®  Perfecta"
"Associates in Dermatology, PLLC-Aesthetic Alternatives ", 3810 SPRINGHURST BLVD, LOUISVILLE,Kentucky, United States     ,(502) 583-1749,http://www.associatesindermatology.com/,Vbeam ®  Perfecta
VitalSkin , 13802 LAKE POINT CIR STE 201, LOUISVILLE,Kentucky, United States     ,(502) 368-4133,http://www.bellapelledermatology.com/,"Gentle Pro ™  Series, Vbeam ®  Perfecta"
TULANE UNIVERSITY HOSPITAL AND CLINIC , 1415 Tulane Ave, New Orleans,Louisiana, United States     ,(504) 988-6300,https://tempsyneron-candela.com,Vbeam ®  Perfecta
Children's Hospital - New Orleans , 200 HENRY CLAY AVE, NEW ORLEANS,Louisiana, United States     ,504-896-9478,https://lcmchealth.org,Vbeam ®  Perfecta
Poole Dermatology - The Laser Centers of New Orleans , 111 VETERANS MEMORIAL BLVD STE 406, METAIRIE,Louisiana, United States     ,(504) 838-8225,https://pooledermatology.com,"Gentle Pro ™  Series, Vbeam ®  Perfecta"
DERMATOLOGY ASSOCIATES , 50 SEWALL ST # 4, PORTLAND,Maine, United States     ,(207) 775-3526,,
Purely Skin , 350 COTTAGE RD, SOUTH PORTLAND,Maine, United States     ,207-450-1968,,
MaineHealth DBA MMP Dermatology , 1601 CONGRESS ST, PORTLAND,Maine, United States     ,616-481-4191,https://mmc.org,Vbeam ®  Perfecta
Cosmetic Enhancement  Center of New England , 1945 CONGRESS ST STE C STE 201, PORTLAND,Maine, United States     ,(207) 761-0177,https://www.cecofne.com,"Vbeam ®  Perfecta, Nordlys ™ , Exceed ™ , Profound ™ , Gentle Pro ™  Series, PicoWay ®"
"Intermed, P.A. ", 100 FODEN RD W BLDG, SOUTH PORTLAND,Maine, United States     ,207-523-3613,https://intermed.com,"Vbeam ®  Prima, Vbeam ®  Perfecta"
"Dermatology Associates,  LLC - Sabra Sullivan, MD, PhD, FAAD ", 501 MARSHALL ST STE 606, JACKSON,Mississippi, United States     ,(601) 355-8555,http://www.sabrasullivan.com,"CO2RE ® , Gentle Pro ™  Series, PicoWay ® , Vbeam ®  Perfecta"
Mississippi Dermatology Associates , 1006 TREETOPS BLVD STE 101, FLOWOOD,Mississippi, United States     ,601-939-0005,http://www.msderm.net/,Vbeam ®  Perfecta
"BELLE MEADE MEDICAL, LLC ", 108 BELLE MEADE PT, FLOWOOD,Mississippi, United States     ,(601) 992-7002,http://www.bellemeademedical.com/,"Gentle Pro ™  Series, Vbeam ®  Perfecta"
University of Mississippi Medical Center , 201 NORTHLAKE AVE STE 211, RIDGELAND,MISSISSIPPI, United States     ,(601) 853-6333,http://www.thefaceandskincenter.com,"Gentle Pro ™  Series, Vbeam ®  Perfecta, Vbeam ®  Prima"
Johns Hopkins Pediatric Dermatology , 200 N WOLFE ST UNIT 2107, Baltimore,Maryland, United States     ,410-550-0886 ext 2,https://jhmi.edu,Vbeam ®  Perfecta
"Elisabeth G. Richard, MD PA ", 10753 FALLS RD, LUTHERVILLE TIMONIUM,Maryland, United States     ,(410) 847-3700,http://www.lightandlaser.com/,Vbeam ®  Perfecta
"Facial Plastic Surgicenter, Ltd. ", 1838 GREENE TREE RD STE 370, BALTIMORE,Maryland, United States     ,(443) 379-4684,https://www.facial-plasticsurgery.com,"Vbeam ®  Perfecta, Gentle Pro ™  Series"
"Northern Virginia Dermatology, Vein & Surgery Center ", 14995 SHADY GROVE RD STE 150, ROCKVILLE,Maryland, United States     ,(703) 858-0500,https://www.northernvirginiadermatology.com,"Vbeam ®  Perfecta, VelaShape ®"
"Maryland Laser, Skin, & Vein Institute, LLC (Premiere Aesthetic Solutions) ", 54 SCOTT ADAM RD STE 301, HUNT VALLEY,Maryland, United States     ,(410) 666-3960,https://www.mdlsv.com,"Vbeam ®  Perfecta, Gentle Pro ™  Series"
Detroit Children's Hospital , 3901 BEAUBIEN ST, Detroit,Michigan, United States     ,(313) 832-9144,,
New Center 1 Dermatology , 3031 W GRAND BLVD STE 800, DETROIT,Michigan, United States     ,(248) 680-6040,,
University Physicians Group , 18100 OAKWOOD BLVD STE 300, DEARBORN,Michigan, United States     ,(877) 978-3627,,
Henry Ford Health System , 19401 HUBBARD DR, DEARBORN,Michigan, United States     ,(248) 680-6040,https://www.henryford.com/physician-directory/m/mims-phillis,Vbeam ®  Perfecta
"Scott Karlene, MD, PC ", 3990 E 12 MILE RD, WARREN,Michigan, United States     ,(586) 573-4980,https://www.karlenedermatology.com/,"Profound ™ , Vbeam ®  Perfecta"
DOCS Dermatology LLC , 27901 WOODWARD AVE, BERKLEY,MICHIGAN, United States     ,Visit Website,,
Somerset Skin Centre , 255 KIRTS BLVD STE 100, TROY,Michigan, United States     ,(248) 244-8448,https://somersetskincentre.com,"Gentle Pro ™  Series, Vbeam ®  Perfecta"
"Center for Cosmetic Dermatology, P.C. ", 800 S ADAMS RD, BIRMINGHAM,Michigan, United States     ,(248) 593-6236,https://www.birminghamccd.com,"Gentle Pro ™  Series, Vbeam ®  Perfecta"
SINAI-GRACE HOSPITAL , 27211 Lahser Road Suite 203, Berkley,Michigan, United States     ,,,
SLUCare Dermatology , 1225 S GRAND BLVD, SAINT LOUIS,MISSOURI, United States     ,(314) 256-3430,https://slu.edu,"Vbeam ®  Perfecta, CO2RE ®"
BJC Health Systems St. Louis Children's Hospital , 1 CHILDRENS PL, SAINT LOUIS,Missouri, United States     ,(314) 454-2714,,
SLUCare Dermatology , 2315 DOUGHERTY FERRY RD STE 200C, SAINT LOUIS,MISSOURI, United States     ,(314) 256-3430,https://slu.edu,"Vbeam ®  Perfecta, Gentle Pro ™  Series"
Ridenour Plastic Surgery , 12460 OLIVE BLVD STE 202, SAINT LOUIS,Missouri, United States     ,(314) 878-8600,https://www.ridenourplasticsurgery.com,"Vbeam ®  Perfecta, Profound ™ , CO2RE ® , Matrix ™ , Vbeam ®  Prima, PicoWay ® , Exceed ™"
Gillette Children's Specialty Healthcare , 205 UNIVERSITY AVE E, Saint Paul,Minnesota, United States     ,(651) 291-2848,https://gillettechildrens.com,Vbeam ®  Perfecta
Schaberg Dermatology , 4949 AUTUMN OAKS DR, MARYVILLE,Illinois, United States     ,(618) 288-9450,http://www.schabergdermatology.com/,"Vbeam ®  Perfecta, CO2RE ® , Gentle Pro ™  Series"
Gillette Children's Specialty Healthcare , 200 UNIVERSITY AVE E, SAINT PAUL,Minnesota, United States     ,(651) 291-2848,https://gillettechildrens.com,Vbeam ®  Perfecta
HealthPartners Specialty Center , 401 PHALEN BLVD, SAINT PAUL,MINNESOTA, United States     ,(651) 254-8200,,
Dermatology Consultants , 280 SNELLING AVE N, SAINT PAUL,Minnesota, United States     ,(651) 251-3300,http://www.dermatologyconsultants.com,Vbeam ®  Perfecta
My Dermatologist , 5565 BLAINE AVE STE 200, INVER GROVE HEIGHTS,Minnesota, United States     ,(651) 621-8888,http://www.mydermtc.com/,Vbeam ®  Perfecta
Fairview Health Services , 2450 RIVERSIDE AVE, MINNEAPOLIS,Minnesota, United States     ,(612) 672-6000,,
Children's Hospitals and Clinics of MN , 2525 CHICAGO AVE, MINNEAPOLIS,MINNESOTA, United States     ,(612) 813-6000,http://www.childrensmn.org,Vbeam ®  Perfecta
Hennepin County Medical Center Cosmetics , 715 S 8TH ST, Minneapolis,Minnesota, United States     ,(612) 873-6453,,
Market Street Dermatology , 275 MARKET ST, MINNEAPOLIS,Minnesota, United States     ,(612) 746-4144,http://www.marketstreetdermatology.com/,Vbeam ®  Perfecta
"Dermatology Specialists, P.C. ", 3316 W 66TH ST STE 200, EDINA,Minnesota, United States     ,(952) 920-3808,https://www.dermspecpa.com,Vbeam ®  Perfecta
Twin Cities Dermatology Center , 5000 W 36TH ST STE 205, MINNEAPOLIS,Minnesota, United States     ,(612) 268-5005,https://www.twincitiesderm.com,Vbeam ®  Perfecta
Skin Artisans , 6525 FRANCE AVE STE 305, EDINA,MINNESOTA, United States     ,19527673163,https://skinartisans.com,Vbeam ®  Perfecta
"Pinnacle Dermatology Management, LLC ", 6545 FRANCE AVE S STE 564, EDINA,Minnesota, United States     ,(615) 893-4100,https://pinnacleskin.com/,Vbeam ®  Perfecta
Park Nicollet Health Services , 5400 EXCELSIOR BLVD, Saint Louis Park,Minnesota, United States     ,(952) 993-3123,https://parknicollet.com,Vbeam ®  Perfecta
"Pinnacle Dermatology Management, LLC ", 7373 FRANCE AVE S STE 110, EDINA,Minnesota, United States     ,(615) 893-4100,https://pinnacleskin.com/,Vbeam ®  Perfecta
"Agiliti Surgical, Inc ", 6625 W 78TH ST STE 300, MINNEAPOLIS,Minnesota, United States     ,(630) 663-5180,https://www.agilitihealth.com,Vbeam ®  Perfecta
Skin Cancer and Dermatology Institute , 3640 WARREN WAY STE 200, RENO,Nevada, United States     ,(775) 323-2135,https://skincancerderm.com,"CO2RE ® , Vbeam ®  Perfecta"
High Desert Dermatology , 509 Hammill Lane, RENO,Nevada, United States     ,(775) 332-0300,http://www.hddreno.com,"Vbeam ®  Perfecta, Gentle Pro ™  Series"
Reno Sparks MedSpa , 55 FOOTHILL RD STE 1, RENO,Nevada, United States     ,(775) 473-0011,http://renosparksmedspa.com/,"CO2RE ® , Vbeam ®  Perfecta, Gentle Pro ™  Series"
AP Derm , 87 MCGREGOR ST, MANCHESTER New,Hampshire, United States     ,(781) 762-5858,https://www.dermatology-pc.com,"Vbeam ®  Perfecta, Frax Pro ® , Gentle Pro ™  Series"
Dartmouth - Hitchcock Clinic , 100 HITCHCOCK WAY, MANCHESTER New,Hampshire, United States     ,(603) 650-7153,http://www.dartmouth-hitchcock.org/,Vbeam ®  Perfecta
"Optima Dermatology Partners, LLC ", 176 S RIVER RD, BEDFORD NEW,HAMPSHIRE, United States     ,(330) 965-8760,http://www.advancedderm.net/,"Vbeam ®  Perfecta, Gentle Pro ™  Series"
University of Nebraska – Dermatology ," 4014 Leavenworth Street,Lauritzen Outpatient Center", Omaha,Nebraska, United States     ,,,
VA Nebraska-Western Iowa Health Care System , 4101 WOOLWORTH AVE, OMAHA,Nebraska, United States     ,(402) 995-3604,https://altumaerospace.com,"Vbeam ®  Perfecta, CO2RE ® , Gentle Pro ™  Series"
Advanced Dermatology of the Midlands , 12910 PIERCE ST STE 120, OMAHA,Nebraska, United States     ,(402) 933-3770,http://www.midlandsderm.com/,Vbeam ®  Perfecta
"Braddock Finnegan Dermatology, PC ", 7911 W CENTER RD, OMAHA,Nebraska, United States     ,(402) 390-0333,http://braddockfinnegan.com/,"Vbeam ®  Perfecta, CO2RE ®"
Children's Hospital & Medical Center , 8534 CASS ST, OMAHA,NEBRASKA, United States     ,4029555674,https://childrensomaha.org,Vbeam ®  Perfecta
"Midwest Dermatology Clinic, PC ", 8601 W DODGE RD, OMAHA,NEBRASKA, United States     ,(402) 552-2568,,
OMAHA CHILDREN'S HOSPITAL , 8200 DODGE ST, Omaha,Nebraska, United States     ,(402) 955-5849,,
Dermatology Specialists of Omaha , 909 N 96TH ST STE 201, OMAHA,Nebraska, United States     ,(402) 330-4555,https://www.omahaderm.com,Vbeam ®  Perfecta
Offutt Air Force Base , 2501 CAPEHART RD, OFFUTT AFB,Nebraska, United States     ,(402) 232-5650,https://mail.mil,"Vbeam ®  Perfecta, Gentle Pro ™  Series"
Mod Dermatology , 16910 FRANCES ST, OMAHA,NEBRASKA, United States     ,(402) 509-4812,https://www.moddermatology.com,Vbeam ®  Perfecta
Nebraska Medical Center , 17405 BURKE ST, OMAHA,NEBRASKA, United States     ,(402) 596-4000,http://surgeryvp.com/,"PicoWay ® , Gentle Pro ™  Series, Vbeam ®  Perfecta, CO2RE ® , Frax Pro ®"
"PAULL, ROBERT ", 4 PROGRESS ST STE B7, Edison New,Jersey, United States     ,,,
"Advanced Dermatology, Laser & MOHS Surgery ", 240 E GROVE ST, WESTFIELD New,Jersey, United States     ,(908) 232-6446,http://www.skinandlasercenter.com,"Gentle Pro ™  Series, Vbeam ®  Perfecta"
Patricia McCormack MD , 1550 RICHMOND AVE STE 207, STATEN ISLAND New,York, United States     ,(718) 698-1616,http://patriciamccormackmd.com,"VelaShape ® , Vbeam ®  Perfecta"
"LEDERMAN, JOSIANE S. ", 116 Lamberts Lane, Staten Island New,York, United States     ,(718) 370-0422,,
Medical Laser Technologies INC ," 816 US 1 North, C/O Prime Storage", Seabrook New,Jersey, United States     ,(603) 890-4947,https://tempsyneron.com,"Gentle Pro ™  Series, Vbeam ®  Perfecta"
Medical Laser Technologies INC ," Prime Storage, 816 US1 North", Edison New,Jersey, United States     ,(603) 890-4947,https://tempsyneron.com,Vbeam ®  Perfecta
Schweiger Dermatology – Millburn , 12 E WILLOW ST, MILLBURN New,Jersey, United States     ,(973) 376-8500,http://www.millburnlaser.com/,"Gentle Pro ™  Series, Vbeam ®  Perfecta"
Soma Skin and Laser LLC , 90 MILLBURN AVE STE 206, Millburn New,Jersey, United States     ,(973) 763-7546,http://www.somalaser.com,"Gentle Pro ™  Series, Vbeam ®  Perfecta"
Dermatology Consultants of Millburn , 636 MORRIS TPKE STE 2H, SHORT HILLS New,Jersey, United States     ,(973) 232-6245,https://www.shorthillsderm.com,Vbeam ®  Perfecta
"Summit Health Management, LLC ", 1 DIAMOND HILL RD, BERKELEY HEIGHTS New,Jersey, United States     ,(908) 277-8668,https://smgnj.com,"Gentle Pro ™  Series, Vbeam ®  Perfecta"
"Summit Health Management, LLC ", 890 MOUNTAIN AVE, NEW PROVIDENCE NEW,JERSEY, United States     ,(908) 277-8668,https://smgnj.com,"Gentle Pro ™  Series, Vbeam ®  Perfecta"
"Summit Health Management, LLC ", 800 MORRIS TPKE, SHORT HILLS NEW,JERSEY, United States     ,(908) 277-8668,https://smgnj.com,"Gentle Pro ™  Series, Vbeam ®  Perfecta"
Schweiger Dermatology Group , 122 MOUNT BETHEL RD STE 1, WARREN New,Jersey, United States     ,(973) 994-1170,https://www.livingstondermatology.com,"Gentle Pro ™  Series, Vbeam ®  Perfecta"
Ellan Laser MedSpa , 204 SUMMERHILL RD, EAST BRUNSWICK New,Jersey, United States     ,(732) 254-7601,https://www.ellanlaser.com,"Gentle Pro ™  Series, Vbeam ®  Perfecta, PicoWay ®"
Advanced MedAesthetic Partners , 299 E NORTHFIELD RD, LIVINGSTON NEW,JERSEY, United States     ,Visit Website,,
Skin Institute of NY , 7901 4TH AVE STE A20, BROOKLYN New,York, United States     ,(718) 491-5800,https://www.sinyderm.com,"Vbeam ®  Perfecta, Profound ™"
Dermatology Associates of Central New Jersey , 3548 US HIGHWAY 9 STE 2, OLD BRIDGE New,Jersey, United States     ,(732) 679-6300,https://www.dermatologyassociatesnj.com,Vbeam ®  Perfecta
Schweiger Dermatology Group , 347 MOUNT PLEASANT AVE, West Orange New,Jersey, United States     ,(973) 740-0101,https://www.therdermatologygroup.com,Vbeam ®  Perfecta
Schweiger Dermatology Group , 201 S LIVINGSTON AVE STE 1F, LIVINGSTON New,Jersey, United States     ,(973) 994-1170,https://www.livingstondermatology.com,"Gentle Pro ™  Series, Vbeam ®  Perfecta, VelaShape ®"
MAIMONIDES MEDICAL CENTER , 1025 48th St.; Attn: Nick Damato, Brooklyn New,York, United States     ,(718) 283-6000,http://www.maimonidesmed.org,Vbeam ®  Perfecta
Advanced MedAesthetic Partners , 1924 WASHINGTON VALLEY RD, MARTINSVILLE NEW,JERSEY, United States     ,Visit Website,,
UNM Hospitals , 1021 MEDICAL ARTS AVE NE, ALBUQUERQUE New,Mexico, United States     ,(505) 272-6222,http://hsc.unm.edu/health/,"Vbeam ®  Prima, Gentle Pro ™  Series, Vbeam ®  Perfecta"
UNM Hospitals , 2211 LOMAS BLVD NE, ALBUQUERQUE New,Mexico, United States     ,(505) 272-6222,http://hsc.unm.edu/health/,"Gentle Pro ™  Series, Vbeam ®  Perfecta"
Albuquerque Dermatology Assoc. , 5310 HOMESTEAD RD NE STE 301, ALBUQUERQUE New,Mexico, United States     ,(505) 872-4700,http://www.albdermatology.com/,Vbeam ®  Perfecta
Rio Grande Dermatology , 4545 Alameda Blvd Ne Ste G, ALBUQUERQUE New,Mexico, United States     ,(505) 896-2900,http://riograndedermatology.com/,Vbeam ®  Perfecta
Idriss Dermatology , 80 W 40TH ST FL 3, NEW YORK NEW,YORK, United States     ,(212) 612-1520,,
"LONG, WILLIAM, MD ", 36 E 36TH ST STE 202A, NEW YORK New,York, United States     ,(212) 689-9587,http://www.dermatologistnewyork.org/,Vbeam ®  Perfecta
Schweiger Dermatology Group , 21 W 19TH ST, New York New,York, United States     ,(844) 337-6362,http://www.schweigerderm.com,"Gentle Pro ™  Series, Vbeam ®  Perfecta"
Lumos Dermatology , 37 E 28TH ST RM 304, NEW YORK New,York, United States     ,(646) 820-1716,http://www.lumosdermatology.com/,"CO2RE ® , Vbeam ®  Perfecta"
Shafer Plastic Surgery & Laser Center , 535 5TH AVE FL 33, NEW YORK NEW,YORK, United States     ,(212) 888-7770,https://www.doctorshafer.com,"Vbeam ®  Perfecta, CO2RE ® , PicoWay ® , Exceed ™"
Hooman Khorasani MD PLLC , 135 5TH AVE FL 3, NEW YORK NEW,YORK, United States     ,(310) 801-8331,https://drkhorasani.com,Vbeam ®  Perfecta
Dermatology Laser & Surgery of Flatiron PLLC , 928 BROADWAY STE 204, NEW YORK New,York, United States     ,Visit Website,,
New York Dermatology Group , 119 5TH AVE FL M, NEW YORK New,York, United States     ,(212) 533-8888,http://www.nydermatologygroup.com/,"Vbeam ®  Perfecta, CO2RE ® , Matrix ™"
"Shilesh Iyer, MD ", 119 5TH AVE FL 4, NEW YORK New,York, United States     ,(310) 753-1158,,
MOUNT SINAI -WEST , 1000 10TH AVE # 31265, NEW YORK New,York, United States     ,(212) 824-8258,,
"Jennifer Geiger, MD ", 20 E 46TH ST RM 1302, NEW YORK New,York, United States     ,(646) 590-2300,,
Rhonda J Pomerantz MD LLC , 20 E 46TH ST RM 1101, NEW YORK New,York, United States     ,(212) 335-0488,http://www.pomerantzdermatology.com/,Vbeam ®  Perfecta
Schweiger Dermatology Group , 1727 BROADWAY FL 2, New York New,York, United States     ,(844) 337-6362,http://www.schweigerderm.com,"Gentle Pro ™  Series, Vbeam ®  Perfecta"
Wexler Dermatology Group , 145 E 32ND ST FL 7, NEW YORK New,York, United States     ,(212) 684-2626,,
"LANCE BROWN, M.D. PLLC ", 10 W 15TH ST, NEW YORK New,York, United States     ,(212) 924-7546,http://www.drlancebrown.com/,Vbeam ®  Perfecta
Gramercy Park Dermatology , 60 GRAMERCY PARK N STE I-N, NEW YORK New,York, United States     ,(212) 475-2312,http://www.gramercyparkdermatology.com,Vbeam ®  Perfecta
New York Univ. Medical Center , 222 E 41ST ST BLD A7 FL 24, NEW YORK New,York, United States     ,(929) 455-5195,https://nyulangone.org,"Gentle Pro ™  Series, Vbeam ®  Perfecta, PicoWay ®"
New York Univ. Medical Center , 240 E 38TH ST 11TH FLOOR, NEW YORK NEW,YORK, United States     ,(929) 455-5195,https://nyulangone.org,"Vbeam ®  Perfecta, PicoWay ®"
BETH ISRAEL MEDICAL CENTER , 10 UNION SQ E STE 3C, NEW YORK New,York, United States     ,(212) 844-8800,,
"Eastside Dermatology Services, P.C. ", 317 E 34TH ST, NEW YORK New,York, United States     ,(212) 686-7306,http://www.laserskinsurgery.com/,"Vbeam ®  Perfecta, Gentle Pro ™  Series, VelaShape ® , CO2RE ® , Vbeam ®  Prima"
"Comite, Harriet ", 150 CENTRAL PARK S FL 2, NEW YORK New,York, United States     ,(610) 374-1400,http://skinprovement.com/,Vbeam ®  Perfecta
NY Medical Skin Solutions , 345 E 37TH ST RM 317, NEW YORK NEW,YORK, United States     ,(212) 867-1020,http://skincarenyc.com/,"Gentle Pro ™  Series, CO2RE ® , Vbeam ®  Perfecta"
Manhattan Dermatology & Cosmetic Surgery , 820 2ND AVE RM 3A, NEW YORK New,York, United States     ,(212) 661-3376,http://www.mdcsnyc.com,"Vbeam ®  Perfecta, Matrix ™"
"Eric Kusseluk MD, LLC ", 551 MADISON AVE, NEW YORK NEW,YORK, United States     ,(212) 753-1909,http://kusseluk.com/,Vbeam ®  Perfecta
Union Square Laser Dermatology , 4 W 58TH ST FL 10, NEW YORK New,York, United States     ,(212) 366-5400,https://www.unionderm.com,"Gentle Pro ™  Series, PicoWay ® , Vbeam ®  Perfecta"
Schweiger Dermatology Group , 110 E 55TH ST FL 19 PH, NEW YORK New,York, United States     ,(844) 337-6362,http://www.schweigerderm.com,"Gentle Pro ™  Series, Vbeam ®  Perfecta"
New York Univ. Medical Center , 159 E 53RD ST, NEW YORK NEW,YORK, United States     ,(929) 455-5195,https://nyulangone.org,Vbeam ®  Perfecta
BELLEVUE HOSPITAL , 462 1ST AVE, NEW YORK New,York, United States     ,(212) 562-4141,http://www.nychealthandhospitals.org/bellevue/html/home/home.shtml,"Vbeam ®  Perfecta, Nordlys ™ , Gentle Pro ™  Series, PicoWay ® , CO2RE ®"
BETH ISRAEL MEDICAL CENTER , 330 E 17TH ST DAZIAN BLDG, New York New,York, United States     ,(212) 844-8800,,
VA NY Harbor Health Care System , 423 E 23RD ST, NEW YORK NEW,YORK, United States     ,(212) 686-7500,https://www.nyharbor.va.gov/,"Gentle Pro ™  Series, Vbeam ®  Perfecta, PicoWay ®"
New York Eye & Ear Infirmary , 310 E 14TH ST, NEW YORK NEW,YORK, United States     ,(212) 979-4000,http://www.nyee.edu/,Vbeam ®  Perfecta
"ROKHSAR, CAMERON M.D.-Manhattan ", 121 E 60TH ST STE 8AB, New York New,York, United States     ,(212) 285-1110,http://cosmeticlaserskinsurgery.com,"Gentle Pro ™  Series, Vbeam ®  Perfecta"
"Bruce Robinson, M.D. ", 121 E 60TH ST, NEW YORK New,York, United States     ,(212) 750-7121,http://www.brucerobinsonmd.com/,"Gentle Pro ™  Series, Vbeam ®  Perfecta"
"Rosemarie Ingleton, MD ", 14 E 4TH ST RM 505, NEW YORK New,York, United States     ,(212) 673-7100,https://www.ingletonmd.com,Vbeam ®  Perfecta
Schweiger Dermatology Group , 2 HUDSON PL STE 101, Hoboken New,Jersey, United States     ,(844) 337-6362,http://www.schweigerderm.com,"Gentle Pro ™  Series, Vbeam ®  Perfecta"
Penstein Dermatology , 116 E 66TH ST STE 1B, NEW YORK New,York, United States     ,(212) 517-5171,https://www.penstein.com,"Gentle Pro ™  Series, Vbeam ®  Perfecta"
"Wattenberg Dermatology M.D., P.C.  NY Skin RX ", 875 5TH AVE UNIT 2B, NEW YORK New,York, United States     ,(212) 288-3200,https://nyskinrx.com,Vbeam ®  Perfecta
"Marie V. Hayag, MD PC ", 875 5TH AVE # 1CDE, NEW YORK New,York, United States     ,(212) 722-2055,https://www.mariehayagmd.com/,Vbeam ®  Perfecta
Northwell Health Manhattan Eye Ear and Throat Hospital , 210 E 64TH ST FL 3, New York New,York, United States     ,(212) 434-4050,,
Bradford Katchen Dermatology , 568 BROADWAY RM 303, NEW YORK New,York, United States     ,212-334-1155,,
Day Dermatology & Aesthetics , 10 E 70Th St Frnt C1, NEW YORK New,York, United States     ,(212) 772-0740,https://www.Myclearskin.com,Vbeam ®  Perfecta
Complete Skin MD (Premiere Aesthetic Solutions) , 225 E 64TH ST STE 2, NEW YORK New,York, United States     ,(212) 759-4900,https://www.completeskinmd.com,"Vbeam ®  Perfecta, PicoWay ®"
Cosmetique - Deborah Sarnoff M.D. , 625 PARK AVE, NEW YORK New,York, United States     ,(516) 484-9000,https://www.cosmetiquemd.com,Vbeam ®  Perfecta
Dennis Gross Dermatology , 900 5TH AVE, NEW YORK New,York, United States     ,(212) 725-4555,https://www.dennisgrossmd.com,"Gentle Pro ™  Series, Vbeam ®  Perfecta"
"Gervaise L. Gerstner, MD ", 730 PARK AVE, NEW YORK New,York, United States     ,(212) 249-2208,http://www.gerstnermd.com,Vbeam ®  Perfecta
Eric Berkowitz MD PC , 390 W END AVE STE 1G, NEW YORK New,York, United States     ,(212) 877-0171,http://www.berkowitzderm.com/,"Vbeam ®  Perfecta, PicoWay ®"
Orentreich Medical Group , 909 5TH AVE, NEW YORK New,York, United States     ,(212) 794-0800,http://www.orentreich.com/,"Gentle Pro ™  Series, Vbeam ®  Perfecta"
"Dr. Amy Lewis, MD ", 120 E 75TH ST, NEW YORK New,York, United States     ,(212) 288-6133,http://www.amyblewismd.com/,"Gentle Pro ™  Series, Vbeam ®  Perfecta"
"Michael Jacobs, M.D. ", 407 E 70TH ST, NEW YORK New,York, United States     ,(212) 772-7190,,
CORNELL UNIV. MED. COLLEGE , 1305 YORK AVE FL 9, New York New,York, United States     ,(646) 962-3376,,
"Monica Halem, MD ", 988 5TH AVE, NEW YORK New,York, United States     ,(212) 988-2400,http://monicahalemmd.com/,"Gentle Pro ™  Series, Vbeam ®  Perfecta"
"Michele Green, MD ", 156 E 79TH ST APT 1B, NEW YORK New,York, United States     ,(212) 535-3088,http://www.michelegreenmd.com,"Gentle Pro ™  Series, VelaShape ® , Vbeam ®  Perfecta"
Dermatology and Laser Surgery Center of New York (MAB)(Premiere Aesthetic Solutions) , 955 PARK AVE, NEW YORK New,York, United States     ,(212) 570-2067,http://www.nyderm.org/,"Vbeam ®  Perfecta, Nordlys ™ , Profound ™ , Matrix ™ , CO2RE ®"
MEMORIAL SLOAN-KETTERING CANCER CENTER , 530 E 74TH ST, NEW YORK NEW,YORK, United States     ,(212) 639-2000,http://www.mskcc.org/,"CO2RE ® , Vbeam ®  Perfecta"
Downtown Dermatology , 291 BROADWAY RM 1803, New York New,York, United States     ,(212) 233-2995,https://downtowndermnyc.com,"Gentle Pro ™  Series, Vbeam ®  Perfecta"
"Plastic Surgery & Dermatology of NYC, PLLC ", 35 E 84TH ST, New York New,York, United States     ,(212) 988-1800,https://www.plasticsandderm.com/,Vbeam ®  Perfecta
Dr. Ellen C. Gendler , 1035 5TH AVE, NEW YORK New,York, United States     ,(212) 288-8222,http://www.ellengendler.com/,Vbeam ®  Perfecta
"Arielle NB Kauvar, M.D.-NY Laser Skin Care (MAB) ", 1044 5TH AVE, New York New,York, United States     ,(212) 249-9440,http://www.nylaserskincare.com/,"Vbeam ®  Perfecta, Gentle Pro ™  Series, Profound ™ , PicoWay ® , VelaShape ®"
P Frank  MD , 1049 5TH AVE STE 2B, NEW YORK New,York, United States     ,(212) 327-2919,http://www.pfrankmd.com,Vbeam ®  Perfecta
Dr. Amy Wechsler Dermatology , 45 E 85TH ST UNIT 1CD, NEW YORK New,York, United States     ,(212) 396-2500,https://www.dramywechsler.com,"Gentle Pro ™  Series, Vbeam ®  Perfecta"
Northwell Health , 331 E 82ND ST, NEW YORK NEW,YORK, United States     ,5167193376,https://northwellhealth.edu,Vbeam ®  Perfecta
A Gentle Solution , 510 E 80TH ST APT 12A, NEW YORK NEW,YORK, United States     ,(212) 396-2880,,
MOUNT SINAI SCHOOL OF MEDICINE , 234 E 85TH ST FL 5, NEW YORK New,York, United States     ,(212) 241-0616,,
"Kenneth Meisler DPM, LLC ", 210 E 86TH ST RM 402, NEW YORK New,York, United States     ,(212) 628-4444,https://cosmedicclinic.com,Vbeam ®  Perfecta
Weill Medical College of Cornell University , 156 WILLIAM ST FL 11 RM 1160, NEW YORK New,York, United States     ,(917) 882-5072,,
"Neal Schultz, M.D. ", 1130 PARK AVE, NEW YORK New,York, United States     ,(212) 369-9600,http://nealschultzmd.com/,Vbeam ®  Perfecta
New York Laser Aesthetics , 510 E 85TH ST APT 6A, NEW YORK New,York, United States     ,(212) 249-0393,http://www.nylaseraesthetics.com/,"Gentle Pro ™  Series, Vbeam ®  Perfecta"
"Goldman Dermatology - Barry Goldman, MD ", 150 BROADWAY RM 1110, NEW YORK New,York, United States     ,(212) 962-1115,https://goldmandermatology.com,Vbeam ®  Perfecta
Schweiger Dermatology Group , 600 W PUTNAM AVE, Greenwich,Connecticut, United States     ,(844) 337-6362,http://www.schweigerderm.com,"Gentle Pro ™  Series, Vbeam ®  Perfecta"
Schweiger Dermatology Group , 212 E 68TH ST, NEW YORK New,York, United States     ,(844) 337-6362,http://www.schweigerderm.com,Vbeam ®  Perfecta
Wall Street Dermatology , 65 BROADWAY STE 904, New York New,York, United States     ,(212) 931-0538,https://www.wallstreetdermatology.com,"Vbeam ®  Perfecta, Exceed ™"
MOUNT SINAI SCHOOL OF MEDICINE , 5 E 98TH ST FL 5, New York New,York, United States     ,(212) 241-0616,,
HEIGHTS DERMATOLOGY AND LASER , 115 REMSEN ST # 1/2, BROOKLYN New,York, United States     ,(718) 852-4646,http://www.heightsderm.com/,Vbeam ®  Perfecta
Tribeca Skin Care , 315 CHURCH ST FL 2, NEW YORK New,York, United States     ,(212) 334-3774,https://www.tribecaskincenter.com,Vbeam ®  Perfecta
"SHAPIRO, MICHAEL, M.D. "," 110-45 QUEENS BLVD, SUITE 116", Brooklyn New,York, United States     ,Visit Website,,
METRO DERMATOLOGY , 220 E 161ST ST, Bronx New,York, United States     ,(718) 886-9000,http://leedermatology.com/,Vbeam ®  Perfecta
Skin Works Dematology , 254 PROSPECT PARK W, BROOKLYN New,York, United States     ,(718) 832-3313,https://www.skinworksny.com,Vbeam ®  Perfecta
Columbia University , 161 FORT WASHINGTON AVE FL 12, New York New,York, United States     ,(212) 305-3969,http://dermatology.columbia.edu/,"Vbeam ®  Perfecta, Vbeam ®  Prima"
KINGS COUNTY HOSPITAL , 451 CLARKSON AVE FL 5, Brooklyn New,York, United States     ,,,
MAIMONIDES MEDICAL CENTER , 1025 48th St.; Attn: Nick Damato, Brooklyn New,York, United States     ,(718) 283-6000,http://www.maimonidesmed.org,Vbeam ®  Perfecta
Skin Institute of NY , 7901 4TH AVE STE A20, BROOKLYN New,York, United States     ,(718) 491-5800,https://www.sinyderm.com,"Profound ™ , Vbeam ®  Perfecta"
HACKENSACK MEDICAL CENTER - Pediatric , 155 POLIFLY RD STE 101, Hackensack New,Jersey, United States     ,(551) 996-8697,,
Fortec Medical , 144 DONMOOR CT, GARNER North,Carolina, United States     ,(330) 656-4301,https://fortecmedical.com,"Gentle Pro ™  Series, CO2RE ® , Vbeam ®  Perfecta"
New York Skin Solutions , 14448 ROOSEVELT AVE STE MD-C, FLUSHING New,York, United States     ,(718) 886-2455,https://skinsolutionsnewyork.com,Vbeam ®  Perfecta
HACKENSACK MEDICAL CENTER - Pediatric , 20 PROSPECT AVE STE 912, HACKENSACK New,Jersey, United States     ,(551) 996-8697,,
"KANEVSKY, ZHANNA ", 1763 East 12th Street, Brooklyn New,York, United States     ,,,
"Summit Health Management, LLC ", 2 BRIGHTON RD, CLIFTON NEW,JERSEY, United States     ,(908) 277-8668,https://smgnj.com,"Gentle Pro ™  Series, Vbeam ®  Perfecta"
Montefiore Medical Center , 3514 BAINBRIDGE AVE, Bronx New,York, United States     ,(718) 920-8194,https://MONTEFIORE.COM,Vbeam ®  Perfecta
"Advanced Dermatology, P.C.  Center for Laser & Cosmetic Surgery ", 5847 188TH ST, Fresh Meadows New,York, United States     ,(516) 442-0133,http://www.advanceddermatologypc.com,"Gentle Pro ™  Series, Vbeam ®  Perfecta"
"Summit Health Management, LLC ", 1 SEYMOUR ST FL 6, Montclair New,Jersey, United States     ,(908) 277-8668,https://smgnj.com,"Gentle Pro ™  Series, Vbeam ®  Perfecta"
Schweiger Dermatology Group , 30 W CENTURY RD, Paramus New,Jersey, United States     ,(973) 571-2121,http://www.thedermatologygroup.com,"Gentle Pro ™  Series, Vbeam ®  Perfecta"
"LEDERMAN, JOSIANE S. ", 116 Lamberts Lane, Staten Island New,York, United States     ,(718) 370-0422,,
Patricia McCormack MD , 1550 RICHMOND AVE STE 207, STATEN ISLAND New,York, United States     ,(718) 698-1616,http://patriciamccormackmd.com,"VelaShape ® , Vbeam ®  Perfecta"
Schweiger Dermatology Group , 60 POMPTON AVE, Verona New,Jersey, United States     ,(973) 571-2121,http://www.thedermatologygroup.com,"Gentle Pro ™  Series, CO2RE ® , Vbeam ®  Perfecta"
Baxt CosMedical , 351 EVELYN ST, PARAMUS New,Jersey, United States     ,(201) 265-1300,http://www.cosmedical.com/,"Gentle Pro ™  Series, Vbeam ®  Perfecta"
Schweiger Dermatology Group , 347 MOUNT PLEASANT AVE, West Orange New,Jersey, United States     ,(973) 740-0101,https://www.therdermatologygroup.com,Vbeam ®  Perfecta
St John's Episcopal Hospital , 431 BEACH 129TH ST, ROCKAWAY PARK New,York, United States     ,7188697417,https://ehs.org,Vbeam ®  Perfecta
Westside Aesthetics , 700 PARAMUS PARK, PARAMUS NEW,JERSEY, United States     ,(310) 443-5273,https://westsidemedicalspa.com/,Vbeam ®  Perfecta
Soma Skin and Laser LLC , 90 MILLBURN AVE STE 206, Millburn New,Jersey, United States     ,(973) 763-7546,http://www.somalaser.com,"Gentle Pro ™  Series, Vbeam ®  Perfecta"
"WESSON DERMATOLOGY, P.C. ", 1010 NORTHERN BLVD STE 120, GREAT NECK New,York, United States     ,(516) 829-0050,https://wessondermatology.com,"Gentle Pro ™  Series, Vbeam ®  Perfecta"
"IMA Healthcare- Internal Medicine Associates, LTD ", 4450 31ST AVE S STE 102, FARGO NORTH,DAKOTA, United States     ,(701) 280-2033,https://imahealthcare.com,"Vbeam ®  Perfecta, CO2RE ® , Gentle Pro ™  Series, PicoWay ®"
Sanford Bemidji Medical Center , 4656 40TH AVE S STE 130, FARGO NORTH,DAKOTA, United States     ,(701) 323-5400,https://sanfordhealth.org,Vbeam ®  Perfecta
Sanford Dermatology and Laser Clinic , 4656 40TH AVE S STE 130, FARGO North,Dakota, United States     ,(701) 234-8860,http://www.sanfordhealth.org,Vbeam ®  Perfecta
OHSU Department of Dermatology , 3303 S BOND AVE, PORTLAND,Oregon, United States     ,(503) 418-3376,http://www.ohsu.edu/xd/health/services/dermatology/about-us/glance.cfm,"Gentle Pro ™  Series, Vbeam ®  Perfecta"
OHSU Department of Dermatology , 808 SW CAMPUS DR, Portland,Oregon, United States     ,(503) 418-3376,http://www.ohsu.edu/xd/health/services/dermatology/about-us/glance.cfm,Vbeam ®  Perfecta
OHSU Department of Dermatology , 3303 SW Bond Avenue - 5th Floor, PORTLAND,Oregon, United States     ,(503) 418-3376,http://www.ohsu.edu/xd/health/services/dermatology/about-us/glance.cfm,Vbeam ®  Perfecta
NORTHWEST DERMATOLOGY AND RESEARCH CENTER , 2330 NW FLANDERS ST STE 205, Portland,Oregon, United States     ,(503) 223-1933,https://www.pdxderm.com,"Gentle Pro ™  Series, Vbeam ®  Perfecta"
"Norris Dermatology & Laser Northwest - Patricia Norris MD, PC ", 2222 NW LOVEJOY ST STE 422, PORTLAND,Oregon, United States     ,(503) 227-7117,https://www.norrisderm.com,"Gentle Pro ™  Series, Vbeam ®  Perfecta"
The Oregon Clinic – Portland Dermatology , 1414 NW NORTHRUP ST STE 600, PORTLAND,Oregon, United States     ,(503) 223-3104,http://www.portlanddermclinic.com/,Vbeam ®  Perfecta
"Northwest Dermatology & Laser Clinic, PC - Bert Tavelli ", 1130 NW 22ND AVE STE 330, PORTLAND,Oregon, United States     ,(503) 295-2366,https://tavelliderm.com,"Gentle Pro ™  Series, Vbeam ®  Perfecta"
Dermatology Professionals , 2228 LLOYD CTR, PORTLAND,Oregon, United States     ,(503) 344-6643,https://derm-pros.com,"Gentle Pro ™  Series, Vbeam ®  Perfecta"
Legacy Emanuel Hospital , 2801 N GANTENBEIN AVE, Portland,Oregon, United States     ,(503) 415-5052,https://lhs.org,Vbeam ®  Perfecta
West Coast Laser , 7824 SW 37th Ave Suite C, Portland,Oregon, United States     ,(503) 291-6959,,
Kaiser Foundation Health Plan of NW - Portland , 3500 N INTERSTATE AVE, PORTLAND,Oregon, United States     ,503-571-90087,https://kp.org,"Gentle Pro ™  Series, Vbeam ®  Perfecta"
Skin & Beauty Center - Glendale South , 5920 NE RAY CIR STE 200, HILLSBORO,Oregon, United States     ,(503) 297-4779,http://www.aadapc.com/,Vbeam ®  Perfecta
Skin & Beauty Center - Glendale South , 9427 SW BARNES RD STE 495, Portland,Oregon, United States     ,(503) 297-4779,http://www.aadapc.com/,Vbeam ®  Perfecta
"Agiliti Surgical, Inc ", 8070 SW NIMBUS AVE, Beaverton,Oregon, United States     ,(630) 663-5180,https://www.agilitihealth.com,Vbeam ®  Perfecta
Vida Aesthetic Medicine , 6650 SW REDWOOD LN STE 150, PORTLAND,Oregon, United States     ,(503) 443-2250,https://vanderveercenter.com,"Gentle Pro ™  Series, Vbeam ®  Perfecta"
Kaiser Foundation Health Plan of NW - Portland , 9900 SE SUNNYSIDE RD, CLACKAMAS,Oregon, United States     ,503-571-90087,https://kp.org,Vbeam ®  Perfecta
The Vancouver Clinic , 501 SE 172ND AVE STE 250, VANCOUVER,Washington, United States     ,(360) 882-2778,https://tvc.org,Vbeam ®  Perfecta
The Cleveland Clinic , 2049 E 100TH ST, CLEVELAND,OHIO, United States     ,(216) 448-8545,http://my.clevelandclinic.org/,Vbeam ®  Perfecta
Cleveland VA Medical Center , 10701 EAST BLVD, CLEVELAND,OHIO, United States     ,(216) 791-3800 ext. 6765,https://va.gov,"Vbeam ®  Perfecta, CO2RE ®"
The Cleveland Clinic , 2035 E 86TH ST, CLEVELAND,Ohio, United States     ,(216) 448-8545,http://my.clevelandclinic.org/,Vbeam ®  Perfecta
The Cleveland Clinic , 9500 EUCLID AVE DEPT A61, CLEVELAND,Ohio, United States     ,(216) 448-8545,http://my.clevelandclinic.org/,Vbeam ®  Perfecta
University Hospitals of Cleveland , 11100 EUCLID AVE, CLEVELAND,OHIO, United States     ,(216) 844-3024,https://www.uhhospitals.org,Vbeam ®  Perfecta
Cleveland VA Medical Center , 8787 BROOKPARK RD, CLEVELAND,OHIO, United States     ,(216) 791-3800 ext. 6765,https://va.gov,Vbeam ®  Perfecta
North Coast Dermatology , 6701 ROCKSIDE RD STE 330, INDEPENDENCE,Ohio, United States     ,(216) 524-4009,https://www.northcoastdermatology.com,Vbeam ®  Perfecta
Cleveland Dermatology Group , 1611 S GREEN RD STE 146, SOUTH EUCLID,Ohio, United States     ,(216) 381-5975,,
The Cleveland Clinic , 26900 CEDAR RD, BEACHWOOD,Ohio, United States     ,(216) 448-8545,http://my.clevelandclinic.org/,Vbeam ®  Perfecta
MetroHealth Medical Center , 3609 PARK EAST DR STE 300, BEACHWOOD,Ohio, United States     ,(216) 591-0523,https://www.metrohealth.org/main-campus,Vbeam ®  Perfecta
The Parker Skin & Aesthetic Clinic Dr. Lydia Parker , 3737 PARK EAST DR STE 109, BEACHWOOD,Ohio, United States     ,(216) 464-7333,http://www.theparkerclinic.com,"Profound ™ , CO2RE ® , Vbeam ®  Perfecta"
Allied Dermatology and Skin Surgery LLC , 5915 LANDERBROOK DR STE 120, MAYFIELD HEIGHTS,Ohio, United States     ,(330) 665-0555,http://www.alliedderm.com,Vbeam ®  Perfecta
University Hospitals of Cleveland , 950 CLAGUE RD, Westlake,Ohio, United States     ,(216) 844-3024,https://www.uhhospitals.org,Vbeam ®  Perfecta
Brecksville Dermatology , 8751 BRECKSVILLE RD STE 50, BRECKSVILLE,Ohio, United States     ,(440) 792-4802,http://www.brecksvilledermatology.com/,"Vbeam ®  Perfecta, CO2RE ®"
Associates in Dermatology , 2205 CROCKER RD, WESTLAKE,OHIO, United States     ,(440) 249-0274,http://www.healthyskinmd.com/,Vbeam ®  Perfecta
"Optima Dermatology Partners, LLC ", 8183 GOLDEN LINK BLVD, MACEDONIA,Ohio, United States     ,(330) 965-8760,http://www.advancedderm.net/,Vbeam ®  Perfecta
"Agiliti Surgical, Inc ", 6935 TREELINE DR, CLEVELAND,Ohio, United States     ,(630) 663-5180,https://www.agilitihealth.com,Vbeam ®  Perfecta
"Skin & Laser Surgery of Pennsylvania - Steven Greenbaum, MD ", 1528 WALNUT ST FL 11, PHILADELPHIA,Pennsylvania, United States     ,(215) 735-4994,http://phillyskinandlaser.com/,"Vbeam ®  Prima, Gentle Pro ™  Series, Vbeam ®  Perfecta"
DREXEL UNIVERSITY COLLEGE OF MEDICINE , 219 N BROAD ST FL 4, Philadelphia,Pennsylvania, United States     ,(215) 762-5550,http://drexel.edu/,Vbeam ®  Perfecta
JEFFERSON DERMATOLOGY ASSOCIATION , 33 S 9TH ST STE 740, Philadelphia,Pennsylvania, United States     ,(215) 503-3740,https://jefferson.edu,Vbeam ®  Perfecta
PENNSYLVANIA HOSPITAL , 235 S 8TH ST, Philadelphia,Pennsylvania, United States     ,(214) 304-0127,,
Schweiger Dermatology Group , 822 PINE ST STE 2A, PHILADELPHIA,Pennsylvania, United States     ,(844) 337-6362,http://www.schweigerderm.com,Vbeam ®  Perfecta
Penn Dermatology Surgery Department , 3400 SPRUCE ST, PHILADELPHIA,PENNSYLVANIA, United States     ,(215) 662-2737,https://uphs.upenn.edu,Vbeam ®  Perfecta
The Children's Hospital of Philadelphia , 3401 CIVIC CENTER BLVD RM A204, Philadelphia,Pennsylvania, United States     ,(215) 590-2169,https://www.chop.edu,"Vbeam ®  Prima, Vbeam ®  Perfecta"
UNIVERSITY OF PENNSYLVANIA MEDICAL CENTER , 3400 CIVIC CENTER BLVD STE 330, PHILADELPHIA,Pennsylvania, United States     ,215-504-7718,https://pennmedicine.upenn.edu,Vbeam ®  Perfecta
The Children's Hospital of Philadelphia , Attn: Main Hospital 34Th St & Civic Center Blvd, PHILADELPHIA,Pennsylvania, United States     ,(215) 590-2169,https://www.chop.edu,Vbeam ®  Perfecta
The Children's Hospital of Philadelphia , CIVIC CENTER BLVD, PHILADELPHIA,PENNSYLVANIA, United States     ,(215) 590-2169,https://www.chop.edu,Vbeam ®  Perfecta
"Timothy M. Greco, MD, FACS ", 2 BALA PLZ, BALA CYNWYD,Pennsylvania, United States     ,(610) 664-8830,http://www.drgrecoface.com/,Vbeam ®  Perfecta
Dermatologic Surgical Center , 2221 Garrett Road, DREXEL HILL,Pennsylvania, United States     ,(610) 623-5885,https://www.benedettoderm.com/,"Gentle Pro ™  Series, Vbeam ®  Perfecta"
Haddonfield Dermatology Associates , 24 KINGS HWY W, HADDONFIELD New,Jersey, United States     ,(856) 795-1341,https://www.haddonfielddermatology.com,Vbeam ®  Perfecta
"BERNSTEIN, ERIC MD (MAB) ", 32 PARKING PLZ STE 200, ARDMORE,PENNSYLVANIA, United States     ,(610) 645-5551,https://www.dermguy.com,"CO2RE ® , PicoWay ® , Vbeam ®  Prima, Vbeam ®  Perfecta, Gentle Pro ™  Series"
"Laser Service Solutions, LLC ", 650 GROVE RD STE 104, PAULSBORO New,Jersey, United States     ,(856) 853-7555,http://www.laserservicesolutions.com,"CO2RE ® , Gentle Pro ™  Series, Vbeam ®  Perfecta, PicoWay ®"
Ringpfeil Advanced Dermatology , 569 W LANCASTER AVE, HAVERFORD,Pennsylvania, United States     ,(610) 525-5250,http://www.ringpfeildermatology.com/,"Gentle Pro ™  Series, Vbeam ®  Perfecta"
Skin Smart Dermatology , 910 E WILLOW GROVE AVE, WYNDMOOR,Pennsylvania, United States     ,(215) 348-7335,https://www.skinsmartderm.com,Vbeam ®  Perfecta
"MACKIN MEDICAL, MAC TECH ", 2660 West Chester Pike, Broomall,Pennsylvania, United States     ,(610) 325-2871,http://www.mackinmedical.net,"Gentle Pro ™  Series, Vbeam ®  Perfecta"
HOSPITAL OF UNIVERSITY OF PA AT RADNOR , 145 KING OF PRUSSIA RD, RADNOR,Pennsylvania, United States     ,(610) 902-2045,,
HOSPITAL OF UNIVERSITY OF PA AT RADNOR , 250 KING OF PRUSSIA RD, RADNOR,Pennsylvania, United States     ,(610) 902-2045,,
"David Finkelstein M.D., F.A.A.D ", 701 COOPER RD STE 13, VOORHEES New,Jersey, United States     ,(856) 344-2849,https://www.altaskincenter.com,"Vbeam ®  Prima, Gentle Pro ™  Series, Vbeam ®  Perfecta"
COOPER HEALTH SYSTEM , 10000 SAGEMORE DR NAOMI LAWRENCE MD, MARLTON New,Jersey, United States     ,(973) 759-6569,,
"HEYMANN, MANDERS & GREEN, LLC ", 100 BRICK RD STE 306, MARLTON New,Jersey, United States     ,(856) 596-0111,https://hmgsderm.com/,"Gentle Pro ™  Series, Vbeam ®  Perfecta"
The Children's Hospital of Philadelphia , 1012 LAUREL OAK RD, VOORHEES New,Jersey, United States     ,(215) 590-2169,https://www.chop.edu,Vbeam ®  Perfecta
"Devon Dermatology Services, PC ", 92 LANCASTER AVE STE 120, DEVON,Pennsylvania, United States     ,(215) 309-8123,,
"MARLA C. ANGERMEIER, M.D., PC ", 148 W RIVER ST STE 1B, PROVIDENCE Rhode,Island, United States     ,(401) 273-9310,https://www.lifespan.org/providers/marla-c-angermeier-md,Vbeam ®  Perfecta
Brown Dermatology Inc. , 593 EDDY ST, Providence Rhode,Island, United States     ,(401) 738-1120,https://icloud.com,Vbeam ®  Perfecta
Coastal Derm & Cosmetic Center , 750 RESERVOIR AVE, CRANSTON Rhode,Island, United States     ,(401) 944-7546,http://www.riskindoc.com,"PicoWay ® , VelaShape ® , Vbeam ®  Perfecta, Gentle Pro ™  Series"
Coastal Derm & Cosmetic Center , 1539 ATWOOD AVE STE 301, Johnston Rhode,Island, United States     ,(401) 944-7546,http://www.riskindoc.com,"Gentle Pro ™  Series, Vbeam ®  Perfecta"
"Prospect Chartercare Physicians, LLC ", 652 GEORGE WASHINGTON HWY, LINCOLN Rhode,Island, United States     ,(401) 456-2001,http://www.chartercare.org,"Gentle Pro ™  Series, Vbeam ®  Perfecta"
Rhode Island Dermatology and Cosmetic Center , 3 WAKE ROBIN RD STE 5, LINCOLN Rhode,Island, United States     ,(401) 475-9140,,
Aspire Dermatology , 618 TOLL GATE RD, WARWICK Rhode,Island, United States     ,(401) 239-1800,https://aspiredermatology.com,Vbeam ®  Perfecta
ATTLEBORO DERMATOLOGY , 152 EMORY ST UNIT 2, ATTLEBORO,Massachusetts, United States     ,(508) 226-0400,http://attleborodermatology.com/,Vbeam ®  Perfecta
SKIN MEDICINE & SURGERY CENTER , 63 Eddie Dowling Hgwy, Warwick Rhode,Island, United States     ,(401) 467-1400,,
JON MORGAN SKIN PRODUCTS INC , 911D Lady Street, Columbia South,Carolina, United States     ,,,
"The Dermatology Group, LLC ", 1709 BARNWELL ST, COLUMBIA South,Carolina, United States     ,(803) 254-3376,https://www.thedermgroupsc.com,"Gentle Pro ™  Series, Vbeam ®  Perfecta"
DFAS/FPLA ARMY VENDOR PAY , 4500 STUART STREET, COLUMBIA South,Carolina, United States     ,,,
University of Oklahoma , 619 NE 13TH ST, OKLAHOMA CITY,Oklahoma, United States     ,(405) 271-6110,https://www.oumedicine.com/.../list-of-adult-specialties/dermatology,Vbeam ®  Perfecta
O/U Medical Center , 835 Stanton L Young Blvd., OKLAHOMA CITY,Oklahoma, United States     ,405-824-9947,https://oumedicine.com,Vbeam ®  Perfecta
"DECAMP, NICOLE M.D. ", 6201 N SANTA FE AVE STE 2015, OKLAHOMA CITY,Oklahoma, United States     ,(405) 848-2800,https://saintsnearyou.com/physician/nicole-decamp-m-d/,Vbeam ®  Perfecta
INTEGRIS BAPTIST MEDICAL CENTER , 3300 NW EXPRESSWAY, OKLAHOMA CITY,Oklahoma, United States     ,(405) 951-2432,http://integrisok.com/burn-center-oklahoma-city-ok,Vbeam ®  Perfecta
INTEGRIS BAPTIST MEDICAL CENTER , 3400 NW EXPRESSWAY STE 500, Oklahoma City,Oklahoma, United States     ,(405) 951-2432,http://integrisok.com/burn-center-oklahoma-city-ok,"Vbeam ®  Perfecta, Gentle Pro ™  Series"
INTEGRIS BAPTIST MEDICAL CENTER , 1600 SW 119TH ST, Oklahoma City,Oklahoma, United States     ,(405) 951-2432,http://integrisok.com/burn-center-oklahoma-city-ok,Vbeam ®  Perfecta
Advanced Aesthetics , 13100 N WESTERN AVE STE 201, OKLAHOMA CITY,Oklahoma, United States     ,(405) 751-3424,https://advancedaesthetics.com,"Vbeam ®  Perfecta, Gentle Pro ™  Series"
INTEGRIS BAPTIST MEDICAL CENTER , 1205 HEALTH CENTER PKWY STE 100, Yukon,Oklahoma, United States     ,(405) 951-2432,http://integrisok.com/burn-center-oklahoma-city-ok,"Vbeam ®  Perfecta, Gentle Pro ™  Series"
Sanford Clinic - Sanford Health Sioux Falls , 1310 W 22ND ST, Sioux Falls South,Dakota, United States     ,(605) 328-8607,https://sanfordhealth.org,Vbeam ®  Perfecta
Sanford Clinic - Sanford Health Sioux Falls , 1305 W 18TH ST, SIOUX FALLS South,Dakota, United States     ,(605) 328-8607,https://sanfordhealth.org,Vbeam ®  Perfecta
AVERA MCKENNAN HOSPITAL , 6701 S MINNESOTA AVE, SIOUX FALLS South,Dakota, United States     ,(605) 322-6960,http://www.avera.org,"Gentle Pro ™  Series, Vbeam ®  Perfecta"
AVERA MCKENNAN HOSPITAL , 1500 S HIGHLINE AVE, SIOUX FALLS SOUTH,DAKOTA, United States     ,(605) 322-6960,http://www.avera.org,Vbeam ®  Perfecta
"LASER & SKIN SURGERY CTR. OF RICHMOND, PC ", 7001 FOREST AVE STE 301, RICHMOND,Virginia, United States     ,(804) 855-0372,,
RICHMOND DERMATOLOGY SPECIALISTS , 9816 Mayland Drive, Richmond,Virginia, United States     ,(804) 282-8510,,
MAXWELL AESTHETICS (Patrick Maxwell MD) , 2020 21ST AVE S, NASHVILLE,Tennessee, United States     ,(615) 932-7700,http://www.maxwellaesthetics.com,Vbeam ®  Perfecta
Elan Skin , 209 23RD AVE N, NASHVILLE,Tennessee, United States     ,(615) 814-4999,http://elannashville.com/,Vbeam ®  Perfecta
The Natural Look Medspa , 1916 PATTERSON ST STE 100, NASHVILLE,Tennessee, United States     ,(615) 321-5005,http://www.thenaturallook.net/,"Gentle Pro ™  Series, Vbeam ®  Perfecta"
Nashville Center for Laser & Facial Surgery (Brian Biesman MD) , 345 23RD AVE N STE 416, Nashville,Tennessee, United States     ,(615) 329-1110,https://drbiesman.com,Vbeam ®  Perfecta
VANDERBILT UNIVERSITY , 2200 CHILDRENS WAY RM 3209, NASHVILLE,Tennessee, United States     ,(615) 936-8600,https://www.vanderbilthealth.com/billwilkerson/28800,Vbeam ®  Perfecta
VANDERBILT UNIVERSITY , 1211 22ND AVE RM B-328, Nashville,Tennessee, United States     ,(615) 936-8600,https://www.vanderbilthealth.com/billwilkerson/28800,Vbeam ®  Perfecta
Vanderbilt Plastic Surgery , 2200 CHILDRENS WAY, NASHVILLE,Tennessee, United States     ,(615) 936-3759,https://search.vanderbilthealth.com/locations/vanderbilt-plastic-surgery,Vbeam ®  Perfecta
VANDERBILT UNIVERSITY , 719 THOMPSON LN STE 26300, Nashville,Tennessee, United States     ,(615) 936-8600,https://www.vanderbilthealth.com/billwilkerson/28800,"Gentle Pro ™  Series, Vbeam ®  Perfecta"
Gold Skin Care Center , 2000 RICHARD JONES RD STE 220, NASHVILLE,Tennessee, United States     ,(615) 383-2400,http://www.goldskincare.com/,"Vbeam ®  Perfecta, PicoWay ® , VelaShape ® , Exceed ™"
Retief Skin Center , 4301 HILLSBORO PIKE STE 200, NASHVILLE,Tennessee, United States     ,(615) 383-6092,http://www.retiefskincenter.com/,"Vbeam ®  Perfecta, Nordlys ™"
Binhlam Aesthetics , 1649 WESTGATE CIR STE 100, BRENTWOOD,Tennessee, United States     ,(615) 843-7546,https://www.advancedskinlaser.com,"Profound ™ , Vbeam ®  Perfecta, Gentle Pro ™  Series, CO2RE ®"
"Lois Wagstrom, M.D. ", 1047 GLENBROOK WAY, HENDERSONVILLE,Tennessee, United States     ,(615) 329-1822,https://www.loiswagstrom.com,"CO2RE ® , VelaShape ® , Vbeam ®  Perfecta"
Cumberland Skin Surgery and Dermatology , 100 SPRINGHOUSE CT STE 100, HENDERSONVILLE,TENNESSEE, United States     ,(615) 449-5771,https://www.cumberlandskin.com,"Gentle Pro ™  Series, Vbeam ®  Perfecta"
The Lett Center , 660 S MOUNT JULIET RD STE 210, MOUNT JULIET,Tennessee, United States     ,(615) 443-0901,http://www.thelettcenter.com/,Vbeam ®  Perfecta
Franklin Skin and Laser , 103 INTERNATIONAL DR STE 106, Franklin,Tennessee, United States     ,(615) 595-8177,http://www.franklinlaser.com/,"CO2RE ® , Profound ™ , Gentle Pro ™  Series, Vbeam ®  Perfecta, PicoWay ®"
"Kimberly A. Rossi, MD ", 3100 MACCORKLE AVE, CHARLESTON West,Virginia, United States     ,(304) 342-3360,,
VIRGINIA MASON MEDICAL CENTER , 1201 TERRY AVE FL 3, Seattle,Washington, United States     ,(206) 223-6781,https://www.virginiamason.org/,"Vbeam ®  Perfecta, Vbeam ®  Prima"
The Polyclinic , 904 7TH AVE, SEATTLE,Washington, United States     ,(206) 860-5571,https://polyclinic.com/,"Vbeam ®  Perfecta, Gentle Pro ™  Series"
Linnell Dermatology and Aesthetics , 515 MINOR AVE STE 240, SEATTLE,Washington, United States     ,(206) 539-0675,https://www.linnellderm.com/,"Vbeam ®  Perfecta, Exceed ™ , CO2RE ® , PicoWay ®"
University of Washington , 4225 ROOSEVELT WAY NE, SEATTLE,Washington, United States     ,(425) 814-5100,,
SEATTLE CHILDREN'S HOSPITAL , 4800 SAND POINT WAY NE, SEATTLE,Washington, United States     ,(206) 987-2843,https://seattlechildrens.org,Vbeam ®  Perfecta
Newvue Plastic Surgery , 10047 MAIN ST STE 103, BELLEVUE,Washington, United States     ,(425) 463-9883,https://newvueplasticsurgery.com,Vbeam ®  Perfecta
Pacific Dermatology & Cosmetic Center , 11011 MERIDIAN AVE N STE 102, SEATTLE,Washington, United States     ,(206) 859-5777,http://www.pacificdermcenter.com/,Vbeam ®  Perfecta
Pinnacle Dermatology & Skin Rejuventation , 1515 116TH AVE NE STE 307, BELLEVUE,Washington, United States     ,(425) 999-2628,https://pinnacledermatology.com/,"Vbeam ®  Perfecta, Gentle Pro ™  Series"
SEATTLE CHILDREN'S HOSPITAL , 1500 116TH AVE NE, BELLEVUE,Washington, United States     ,(206) 987-2843,https://seattlechildrens.org,Vbeam ®  Perfecta
North Pacific Dermatology PS , 3721 TALBOT RD S, RENTON,Washington, United States     ,425-457-7900,,
Bloom Dermatology and Aesthetics , 13317 NE 175TH ST STE N, WOODINVILLE,Washington, United States     ,(425) 434-1500,https://greatlooking.com/,Vbeam ®  Perfecta
Cosmetic Surgery & Dermatology of Issaquah , 295 NE GILMAN BLVD, ISSAQUAH,Washington, United States     ,(425) 391-2500,http://www.drmichalak.com,"Vbeam ®  Perfecta, Gentle Pro ™  Series"
The Gallery of Cosmetic Surgery , 3500 188th Street Sw Suite 670, Lynnwood,Washington, United States     ,(425) 775-3561,https://www.cosmeticsurgeryforyou.com,Vbeam ®  Perfecta
UT Physicians Group/Seton , 313 E 12TH ST STE 101, AUSTIN,Texas, United States     ,(512) 324-9655,http://www.utexasphysicians.com/,"Gentle Pro ™  Series, Vbeam ®  Perfecta"
Seton Family of Doctors , 1601 Trinity St Suite 704B, AUSTIN,TEXAS, United States     ,(214) 455-0570,https://dellmed.utexas.edu/about/contact-us,Vbeam ®  Perfecta
Hall Plastic Surgery & Rejuvenation Center ," Laser and Skin Care Center of Austin, LLC.  2714 Bee Caves Road, Suite 202", AUSTIN,Texas, United States     ,(512) 302-5558,http://www.hallplasticsurgery.com,Vbeam ®  Perfecta
COVENANT MANAGEMENT SYSTEMS-AKA ARC Southwest , 1807 W Slaughter Ln Ste 490, AUSTIN,Texas, United States     ,(512) 282-8967,http://www.austinregionalclinic.com/services/cosmetic-dermatology,Vbeam ®  Perfecta
Dell Children's Medical Center of Central Texas , 1301 BARBARA JORDAN BLVD STE 200A, Austin,Texas, United States     ,(512) 628-1920,https://ascension.org,"Gentle Pro ™  Series, Vbeam ®  Perfecta"
SETON FAMILY OF HOSPITALS-Dell Children's Medical Center , 4900 MUELLER BLVD, AUSTIN,Texas, United States     ,(512) 324-0000,http://www.dellchildrens.net,Vbeam ®  Perfecta
Westlake Dermatology , 8825 FM 2244 RD, AUSTIN,Texas, United States     ,(512) 328-3376,https://www.westlakedermatology.com,Vbeam ®  Perfecta
Katherine Farady MD , 2700 W ANDERSON LN STE 403, AUSTIN,Texas, United States     ,(512) 422-4346,http://www.katherinefaradymd.com/,Vbeam ®  Perfecta
Westlake Dermatology , 12201 RENFERT WAY STE 305, Austin,Texas, United States     ,(512) 328-3376,https://www.westlakedermatology.com,Vbeam ®  Perfecta
Dermatology Associates of Dallas , 11410 JOLLYVILLE RD STE 2101 BLDG 2, Austin,Texas, United States     ,(512) 345-8688,,
Sanova Dermatology , 12319 N MOPAC EXPY BLDG C STE 100, AUSTIN,Texas, United States     ,(512) 837-3376,https://www.sanovadermatology.com/,"Gentle Pro ™  Series, Vbeam ®  Perfecta"
Baylor Scott & White- Lakeway , 200 MEDICAL PKWY, LAKEWAY,TEXAS, United States     ,512-654-0270,https://bswhealth.org,Vbeam ®  Perfecta
Westlake Dermatology , 401 RANCH ROAD 620 S STE 200, LAKEWAY,Texas, United States     ,(512) 328-3376,https://www.westlakedermatology.com,Vbeam ®  Perfecta
Milwaukee VA Medical Center , 5000 W NATIONAL AVE, MILWAUKEE,Wisconsin, United States     ,(414) 384-2000,,
Children's Hospital of Wisconsin , 8915 W CONNELL AVE, MILWAUKEE,WISCONSIN, United States     ,(414) 266-2000,http://www.chw.org/,"Gentle Pro ™  Series, Vbeam ®  Perfecta"
WEST ALLIS DERMATOLOGY ASSOC. , 10401 W LINCOLN AVE STE 104, WEST ALLIS,Wisconsin, United States     ,(414) 328-8050,http://www.laytonderm.com,Vbeam ®  Perfecta
Medical College of Wisconsin , 1155 N MAYFAIR RD, WAUWATOSA,Wisconsin, United States     ,(414) 805-2882,https://mcw.edu,Vbeam ®  Perfecta
Children's Hospital of Wisconsin , 3223 S 103RD ST, MILWAUKEE,Wisconsin, United States     ,(414) 266-2000,http://www.chw.org/,Vbeam ®  Perfecta
Forever Young Anti-Aging , 12868 W BLUEMOUND RD, ELM GROVE,Wisconsin, United States     ,(414) 616-3935,http://www.foreveryoungwisconsin.com/#,"Profound ™ , Gentle Pro ™  Series, Vbeam ®  Perfecta"
Affiliated Dermatologists , 13800 W NORTH AVE STE 100, BROOKFIELD,Wisconsin, United States     ,(262) 754-4488,http://affiliatedderm.com,Vbeam ®  Perfecta
Affiliated Dermatologists , 14555 W NATIONAL AVE STE 190, New Berlin,Wisconsin, United States     ,(262) 754-4488,http://affiliatedderm.com,Vbeam ®  Perfecta
ProHealth Care Inc. , 195 DISCOVERY DR FL 2, BROOKFIELD,Wisconsin, United States     ,(262) 696-0808,https://www.prohealthcare.org/facility-waukesha-prohealth-waukesha-memorial-hospital,Vbeam ®  Perfecta
"Anew Skin & Wellness, LLC ", 19265 W CAPITOL DR STE 100, BROOKFIELD,Wisconsin, United States     ,(262) 373-1810,https://www.anewsw.com,"Gentle Pro ™  Series, Vbeam ®  Perfecta"
"Froedtert Health, INC ", N74W12501 LEATHERWOOD CT, MENOMONEE FALLS,WISCONSIN, United States     ,,,
ELMBROOK MEMORIAL , 19333 W NORTH AVE, BROOKFIELD,Wisconsin, United States     ,(262) 785-2100,https://mywheaton.org/rejuva,Vbeam ®  Perfecta
Dr. Linda G. Rabinowitz , 10303 N PORT WASHINGTON RD STE 103B, Mequon,Wisconsin, United States     ,(262) 241-1111,http://pediatricdermlaser.com,"Gentle Pro ™  Series, Vbeam ®  Perfecta"
THE RITZ LASER & SKIN CARE CENTER , 17585 West North Avenue Suite 130 Attn:  Kathleen Buschmann, Brookfield,Wisconsin, United States     ,,,
Bonness Cosmetic Surgery & Spa Vita , 20611 WATERTOWN RD STE D, Waukesha,Wisconsin, United States     ,(262) 782-7021,https://drbonness.com,"Gentle Pro ™  Series, Vbeam ®  Perfecta"
"AURORA ADVANCED HEALTHCARE, INC. ", N84W16889 MENOMONEE AVE, MENOMONEE FALLS,Wisconsin, United States     ,(262) 387-8280,https://aah.org,Vbeam ®  Perfecta
"AURORA ADVANCED HEALTHCARE, INC. ", 12203 CORPORATE PKWY, MEQUON,Wisconsin, United States     ,(262) 387-8280,https://aah.org,Vbeam ®  Perfecta
Aurora Health Care - Waukesha , W231N1440 CORPORATE CT STE 305, WAUKESHA,Wisconsin, United States     ,(262) 896-6000,https://aurora.org,Vbeam ®  Perfecta
Aurora Health Care - Waukesha , 36500 AURORA DR, Summit,Wisconsin, United States     ,(262) 896-6000,https://aurora.org,Vbeam ®  Perfecta
Gateway Aesthetic Institute & Laser Center , 440 W 200 S STE 250, Salt Lake City,Utah, United States     ,(801) 595-1600,http://gatewaylasercenter.com,Vbeam ®  Perfecta
Barr Aesthetics , 24 S 1100 E STE 102, SALT LAKE CITY,Utah, United States     ,(801) 532-0204,https://barraesthetics.com/,"Gentle Pro ™  Series, Vbeam ®  Perfecta"
Primary Children’s Hospital , 100 N MARIO CAPECCHI DR, SALT LAKE CITY,Utah, United States     ,(801) 662-1000,,
University of Utah , 50 N MEDICAL DR, Salt Lake City,Utah, United States     ,(801) 201-2771,http://www.docstolman.com/contact.shtml,"PicoWay ® , Gentle Pro ™  Series, Vbeam ®  Perfecta"
Intermountain HealthCare , 389 S 900 E, Salt Lake City,Utah, United States     ,(208) 238-7001,https://intermountainhealthcare.org/about/contact/,Vbeam ®  Perfecta
Swinyer Woseth Dermatology , 1548 E 4500 S STE 202, SALT LAKE CITY,Utah, United States     ,(801) 266-8841,http://www.dwoseth.com/,Vbeam ®  Perfecta
Intermountain HealthCare , 3845 W 4700 S FL 2, TAYLORSVILLE,UTAH, United States     ,(208) 238-7001,https://intermountainhealthcare.org/about/contact/,"Vbeam ®  Perfecta, CO2RE ®"
University of Utah ," 243 East 6100 South, Floor 3-Aesthetics Center", Murray,Utah, United States     ,(801) 201-2771,http://www.docstolman.com/contact.shtml,Vbeam ®  Perfecta
Ogden Clinic , 1560 RENAISSANCE TOWNE DR, Bountiful,Utah, United States     ,(801) 476-2375,https://www.ogdenclinic.com,"Gentle Pro ™  Series, Vbeam ®  Perfecta"
University of Utah , 6095 S FASHION BLVD STE 270, SALT LAKE CITY,Utah, United States     ,(801) 201-2771,http://www.docstolman.com/contact.shtml,Vbeam ®  Perfecta
Bahr Dermatology , 25 W 500 S STE 100, Bountiful,Utah, United States     ,(801) 298-1514,https://bahrdermatology.com,Vbeam ®  Perfecta
Intermountain HealthCare , 6272 S HIGHLAND DR, Murray,Utah, United States     ,(208) 238-7001,https://intermountainhealthcare.org/about/contact/,"Vbeam ®  Perfecta, Gentle Pro ™  Series, CO2RE ®"
Intermountain HealthCare , 390 N MAIN ST, BOUNTIFUL,Utah, United States     ,(208) 238-7001,https://intermountainhealthcare.org/about/contact/,"CO2RE ® , Vbeam ®  Perfecta"
IHC DERMATOLOGY CLINIC , 390 N MAIN ST, Bountiful,Utah, United States     ,,,
Intermountain HealthCare , 3723 W 12600 S STE 270, RIVERTON,Utah, United States     ,(208) 238-7001,https://intermountainhealthcare.org/about/contact/,"Nordlys ™ , Gentle Pro ™  Series, Vbeam ®  Perfecta"
Intermountain HealthCare , 1350 N 500 E, LOGAN,Utah, United States     ,(208) 238-7001,https://intermountainhealthcare.org/about/contact/,"Vbeam ®  Perfecta, CO2RE ®"
Intermountain HealthCare , 9450 S 1300 E, SANDY,UTAH, United States     ,(208) 238-7001,https://intermountainhealthcare.org/about/contact/,Vbeam ®  Perfecta
Clarity Skin , 11762 S STATE ST STE 200, DRAPER,Utah, United States     ,(801) 571-2040,http://clarityskin.com/about/staff/,"VelaShape ® , Nordlys ™ , Profound ™ , Matrix ™ , PicoWay ® , Gentle Pro ™  Series, Vbeam ®  Perfecta"
Adora Day Spa , 123 WESTERN HILLS BLVD, CHEYENNE,Wyoming, United States     ,(307) 773-8520,http://www.adoradayspa.com,Vbeam ®  Perfecta
